"Year","Month","CHL.1","CHL.2","CHL.3","CHL.4","CHL.5","CHL.6","CHL.7","CHL.8","CHL.9","CHL.10","CHL.11","CHL.12","CHL.13","CHL.14"
1956,1,NA,NA,NA,NA,NA,NA,NA,NA,NA,NA,NA,NA,NA,NA
1956,2,NA,NA,NA,NA,NA,NA,NA,NA,NA,NA,NA,NA,NA,NA
1956,3,NA,NA,NA,NA,NA,NA,NA,NA,NA,NA,NA,NA,NA,NA
1956,4,NA,NA,NA,NA,NA,NA,NA,NA,NA,NA,NA,NA,NA,NA
1956,5,NA,NA,NA,NA,NA,NA,NA,NA,NA,NA,NA,NA,NA,NA
1956,6,NA,NA,NA,NA,NA,NA,NA,NA,NA,NA,NA,NA,NA,NA
1956,7,NA,NA,NA,NA,NA,NA,NA,NA,NA,NA,NA,NA,NA,NA
1956,8,NA,NA,NA,NA,NA,NA,NA,NA,NA,NA,NA,NA,NA,NA
1956,9,NA,NA,NA,NA,NA,NA,NA,NA,NA,NA,NA,NA,NA,NA
1956,10,NA,NA,NA,NA,NA,NA,NA,NA,NA,NA,NA,NA,NA,NA
1956,11,NA,NA,NA,NA,NA,NA,NA,NA,NA,NA,NA,NA,NA,NA
1956,12,NA,NA,NA,NA,NA,NA,NA,NA,NA,NA,NA,NA,NA,NA
1957,1,NA,NA,NA,NA,NA,NA,NA,NA,NA,NA,NA,NA,NA,NA
1957,2,NA,NA,NA,NA,NA,NA,NA,NA,NA,NA,NA,NA,NA,NA
1957,3,NA,NA,NA,NA,NA,NA,NA,NA,NA,NA,NA,NA,NA,NA
1957,4,NA,NA,NA,NA,NA,NA,NA,NA,NA,NA,NA,NA,NA,NA
1957,5,NA,NA,NA,NA,NA,NA,NA,NA,NA,NA,NA,NA,NA,NA
1957,6,NA,NA,NA,NA,NA,NA,NA,NA,NA,NA,NA,NA,NA,NA
1957,7,NA,NA,NA,NA,NA,NA,NA,NA,NA,NA,NA,NA,NA,NA
1957,8,NA,NA,NA,NA,NA,NA,NA,NA,NA,NA,NA,NA,NA,NA
1957,9,NA,NA,NA,NA,NA,NA,NA,NA,NA,NA,NA,NA,NA,NA
1957,10,NA,NA,NA,NA,NA,NA,NA,NA,NA,NA,NA,NA,NA,NA
1957,11,NA,NA,NA,NA,NA,NA,NA,NA,NA,NA,NA,NA,NA,NA
1957,12,NA,NA,NA,NA,NA,NA,NA,NA,NA,NA,NA,NA,NA,NA
1958,1,NA,NA,NA,NA,NA,NA,NA,NA,NA,NA,NA,NA,NA,NA
1958,2,NA,NA,NA,NA,NA,NA,NA,NA,NA,NA,NA,NA,NA,NA
1958,3,NA,NA,NA,NA,NA,NA,NA,NA,NA,NA,NA,NA,NA,NA
1958,4,NA,NA,NA,NA,NA,NA,NA,NA,NA,NA,NA,NA,NA,NA
1958,5,NA,NA,NA,NA,NA,NA,NA,NA,NA,NA,NA,NA,NA,NA
1958,6,NA,NA,NA,NA,NA,NA,NA,NA,NA,NA,NA,NA,NA,NA
1958,7,NA,NA,NA,NA,NA,NA,NA,NA,NA,NA,NA,NA,NA,NA
1958,8,NA,NA,NA,NA,NA,NA,NA,NA,NA,NA,NA,NA,NA,NA
1958,9,NA,NA,NA,NA,NA,NA,NA,NA,NA,NA,NA,NA,NA,NA
1958,10,NA,NA,NA,NA,NA,NA,NA,NA,NA,NA,NA,NA,NA,NA
1958,11,NA,NA,NA,NA,NA,NA,NA,NA,NA,NA,NA,NA,NA,NA
1958,12,NA,NA,NA,NA,NA,NA,NA,NA,NA,NA,NA,NA,NA,NA
1959,1,NA,NA,NA,NA,NA,NA,NA,NA,NA,NA,NA,NA,NA,NA
1959,2,NA,NA,NA,NA,NA,NA,NA,NA,NA,NA,NA,NA,NA,NA
1959,3,NA,NA,NA,NA,NA,NA,NA,NA,NA,NA,NA,NA,NA,NA
1959,4,NA,NA,NA,NA,NA,NA,NA,NA,NA,NA,NA,NA,NA,NA
1959,5,NA,NA,NA,NA,NA,NA,NA,NA,NA,NA,NA,NA,NA,NA
1959,6,NA,NA,NA,NA,NA,NA,NA,NA,NA,NA,NA,NA,NA,NA
1959,7,NA,NA,NA,NA,NA,NA,NA,NA,NA,NA,NA,NA,NA,NA
1959,8,NA,NA,NA,NA,NA,NA,NA,NA,NA,NA,NA,NA,NA,NA
1959,9,NA,NA,NA,NA,NA,NA,NA,NA,NA,NA,NA,NA,NA,NA
1959,10,NA,NA,NA,NA,NA,NA,NA,NA,NA,NA,NA,NA,NA,NA
1959,11,NA,NA,NA,NA,NA,NA,NA,NA,NA,NA,NA,NA,NA,NA
1959,12,NA,NA,NA,NA,NA,NA,NA,NA,NA,NA,NA,NA,NA,NA
1960,1,NA,NA,NA,NA,NA,NA,NA,NA,NA,NA,NA,NA,NA,NA
1960,2,NA,NA,NA,NA,NA,NA,NA,NA,NA,NA,NA,NA,NA,NA
1960,3,NA,NA,NA,NA,NA,NA,NA,NA,NA,NA,NA,NA,NA,NA
1960,4,NA,NA,NA,NA,NA,NA,NA,NA,NA,NA,NA,NA,NA,NA
1960,5,NA,NA,NA,NA,NA,NA,NA,NA,NA,NA,NA,NA,NA,NA
1960,6,NA,NA,NA,NA,NA,NA,NA,NA,NA,NA,NA,NA,NA,NA
1960,7,NA,NA,NA,NA,NA,NA,NA,NA,NA,NA,NA,NA,NA,NA
1960,8,NA,NA,NA,NA,NA,NA,NA,NA,NA,NA,NA,NA,NA,NA
1960,9,NA,NA,NA,NA,NA,NA,NA,NA,NA,NA,NA,NA,NA,NA
1960,10,NA,NA,NA,NA,NA,NA,NA,NA,NA,NA,NA,NA,NA,NA
1960,11,NA,NA,NA,NA,NA,NA,NA,NA,NA,NA,NA,NA,NA,NA
1960,12,NA,NA,NA,NA,NA,NA,NA,NA,NA,NA,NA,NA,NA,NA
1961,1,NA,NA,NA,NA,NA,NA,NA,NA,NA,NA,NA,NA,NA,NA
1961,2,NA,NA,NA,NA,NA,NA,NA,NA,NA,NA,NA,NA,NA,NA
1961,3,NA,NA,NA,NA,NA,NA,NA,NA,NA,NA,NA,NA,NA,NA
1961,4,NA,NA,NA,NA,NA,NA,NA,NA,NA,NA,NA,NA,NA,NA
1961,5,NA,NA,NA,NA,NA,NA,NA,NA,NA,NA,NA,NA,NA,NA
1961,6,NA,NA,NA,NA,NA,NA,NA,NA,NA,NA,NA,NA,NA,NA
1961,7,NA,NA,NA,NA,NA,NA,NA,NA,NA,NA,NA,NA,NA,NA
1961,8,NA,NA,NA,NA,NA,NA,NA,NA,NA,NA,NA,NA,NA,NA
1961,9,NA,NA,NA,NA,NA,NA,NA,NA,NA,NA,NA,NA,NA,NA
1961,10,NA,NA,NA,NA,NA,NA,NA,NA,NA,NA,NA,NA,NA,NA
1961,11,NA,NA,NA,NA,NA,NA,NA,NA,NA,NA,NA,NA,NA,NA
1961,12,NA,NA,NA,NA,NA,NA,NA,NA,NA,NA,NA,NA,NA,NA
1962,1,NA,NA,NA,NA,NA,NA,NA,NA,NA,NA,NA,NA,NA,NA
1962,2,NA,NA,NA,NA,NA,NA,NA,NA,NA,NA,NA,NA,NA,NA
1962,3,NA,NA,NA,NA,NA,NA,NA,NA,NA,NA,NA,NA,NA,NA
1962,4,NA,NA,NA,NA,NA,NA,NA,NA,NA,NA,NA,NA,NA,NA
1962,5,NA,NA,NA,NA,NA,NA,NA,NA,NA,NA,NA,NA,NA,NA
1962,6,NA,NA,NA,NA,NA,NA,NA,NA,NA,NA,NA,NA,NA,NA
1962,7,NA,NA,NA,NA,NA,NA,NA,NA,NA,NA,NA,NA,NA,NA
1962,8,NA,NA,NA,NA,NA,NA,NA,NA,NA,NA,NA,NA,NA,NA
1962,9,NA,NA,NA,NA,NA,NA,NA,NA,NA,NA,NA,NA,NA,NA
1962,10,NA,NA,NA,NA,NA,NA,NA,NA,NA,NA,NA,NA,NA,NA
1962,11,NA,NA,NA,NA,NA,NA,NA,NA,NA,NA,NA,NA,NA,NA
1962,12,NA,NA,NA,NA,NA,NA,NA,NA,NA,NA,NA,NA,NA,NA
1963,1,NA,NA,NA,NA,NA,NA,NA,NA,NA,NA,NA,NA,NA,NA
1963,2,NA,NA,NA,NA,NA,NA,NA,NA,NA,NA,NA,NA,NA,NA
1963,3,NA,NA,NA,NA,NA,NA,NA,NA,NA,NA,NA,NA,NA,NA
1963,4,NA,NA,NA,NA,NA,NA,NA,NA,NA,NA,NA,NA,NA,NA
1963,5,NA,NA,NA,NA,NA,NA,NA,NA,NA,NA,NA,NA,NA,NA
1963,6,NA,NA,NA,NA,NA,NA,NA,NA,NA,NA,NA,NA,NA,NA
1963,7,NA,NA,NA,NA,NA,NA,NA,NA,NA,NA,NA,NA,NA,NA
1963,8,NA,NA,NA,NA,NA,NA,NA,NA,NA,NA,NA,NA,NA,NA
1963,9,NA,NA,NA,NA,NA,NA,NA,NA,NA,NA,NA,NA,NA,NA
1963,10,NA,NA,NA,NA,NA,NA,NA,NA,NA,NA,NA,NA,NA,NA
1963,11,NA,NA,NA,NA,NA,NA,NA,NA,NA,NA,NA,NA,NA,NA
1963,12,NA,NA,NA,NA,NA,NA,NA,NA,NA,NA,NA,NA,NA,NA
1964,1,NA,NA,NA,NA,NA,NA,NA,NA,NA,NA,NA,NA,NA,NA
1964,2,NA,NA,NA,NA,NA,NA,NA,NA,NA,NA,NA,NA,NA,NA
1964,3,NA,NA,NA,NA,NA,NA,NA,NA,NA,NA,NA,NA,NA,NA
1964,4,NA,NA,NA,NA,NA,NA,NA,NA,NA,NA,NA,NA,NA,NA
1964,5,NA,NA,NA,NA,NA,NA,NA,NA,NA,NA,NA,NA,NA,NA
1964,6,NA,NA,NA,NA,NA,NA,NA,NA,NA,NA,NA,NA,NA,NA
1964,7,NA,NA,NA,NA,NA,NA,NA,NA,NA,NA,NA,NA,NA,NA
1964,8,NA,NA,NA,NA,NA,NA,NA,NA,NA,NA,NA,NA,NA,NA
1964,9,NA,NA,NA,NA,NA,NA,NA,NA,NA,NA,NA,NA,NA,NA
1964,10,NA,NA,NA,NA,NA,NA,NA,NA,NA,NA,NA,NA,NA,NA
1964,11,NA,NA,NA,NA,NA,NA,NA,NA,NA,NA,NA,NA,NA,NA
1964,12,NA,NA,NA,NA,NA,NA,NA,NA,NA,NA,NA,NA,NA,NA
1965,1,NA,NA,NA,NA,NA,NA,NA,NA,NA,NA,NA,NA,NA,NA
1965,2,NA,NA,NA,NA,NA,NA,NA,NA,NA,NA,NA,NA,NA,NA
1965,3,NA,NA,NA,NA,NA,NA,NA,NA,NA,NA,NA,NA,NA,NA
1965,4,NA,NA,NA,NA,NA,NA,NA,NA,NA,NA,NA,NA,NA,NA
1965,5,NA,NA,NA,NA,NA,NA,NA,NA,NA,NA,NA,NA,NA,NA
1965,6,NA,NA,NA,NA,NA,NA,NA,NA,NA,NA,NA,NA,NA,NA
1965,7,NA,NA,NA,NA,NA,NA,NA,NA,NA,NA,NA,NA,NA,NA
1965,8,NA,NA,NA,NA,NA,NA,NA,NA,NA,NA,NA,NA,NA,NA
1965,9,NA,NA,NA,NA,NA,NA,NA,NA,NA,NA,NA,NA,NA,NA
1965,10,NA,NA,NA,NA,NA,NA,NA,NA,NA,NA,NA,NA,NA,NA
1965,11,NA,NA,NA,NA,NA,NA,NA,NA,NA,NA,NA,NA,NA,NA
1965,12,NA,NA,NA,NA,NA,NA,NA,NA,NA,NA,NA,NA,NA,NA
1966,1,NA,NA,NA,NA,NA,NA,NA,NA,NA,NA,NA,NA,NA,NA
1966,2,NA,NA,NA,NA,NA,NA,NA,NA,NA,NA,NA,NA,NA,NA
1966,3,NA,NA,NA,NA,NA,NA,NA,NA,NA,NA,NA,NA,NA,NA
1966,4,NA,NA,NA,NA,NA,NA,NA,NA,NA,NA,NA,NA,NA,NA
1966,5,NA,NA,NA,NA,NA,NA,NA,NA,NA,NA,NA,NA,NA,NA
1966,6,NA,NA,NA,NA,NA,NA,NA,NA,NA,NA,NA,NA,NA,NA
1966,7,NA,NA,NA,NA,NA,NA,NA,NA,NA,NA,NA,NA,NA,NA
1966,8,NA,NA,NA,NA,NA,NA,NA,NA,NA,NA,NA,NA,NA,NA
1966,9,NA,NA,NA,NA,NA,NA,NA,NA,NA,NA,NA,NA,NA,NA
1966,10,NA,NA,NA,NA,NA,NA,NA,NA,NA,NA,NA,NA,NA,NA
1966,11,NA,NA,NA,NA,NA,NA,NA,NA,NA,NA,NA,NA,NA,NA
1966,12,NA,NA,NA,NA,NA,NA,NA,NA,NA,NA,NA,NA,NA,NA
1967,1,NA,NA,NA,NA,NA,NA,NA,NA,NA,NA,NA,NA,NA,NA
1967,2,NA,NA,NA,NA,NA,NA,NA,NA,NA,NA,NA,NA,NA,NA
1967,3,NA,NA,NA,NA,NA,NA,NA,NA,NA,NA,NA,NA,NA,NA
1967,4,NA,NA,NA,NA,NA,NA,NA,NA,NA,NA,NA,NA,NA,NA
1967,5,NA,NA,NA,NA,NA,NA,NA,NA,NA,NA,NA,NA,NA,NA
1967,6,NA,NA,NA,NA,NA,NA,NA,NA,NA,NA,NA,NA,NA,NA
1967,7,NA,NA,NA,NA,NA,NA,NA,NA,NA,NA,NA,NA,NA,NA
1967,8,NA,NA,NA,NA,NA,NA,NA,NA,NA,NA,NA,NA,NA,NA
1967,9,NA,NA,NA,NA,NA,NA,NA,NA,NA,NA,NA,NA,NA,NA
1967,10,NA,NA,NA,NA,NA,NA,NA,NA,NA,NA,NA,NA,NA,NA
1967,11,NA,NA,NA,NA,NA,NA,NA,NA,NA,NA,NA,NA,NA,NA
1967,12,NA,NA,NA,NA,NA,NA,NA,NA,NA,NA,NA,NA,NA,NA
1968,1,NA,NA,NA,NA,NA,NA,NA,NA,NA,NA,NA,NA,NA,NA
1968,2,NA,NA,NA,NA,NA,NA,NA,NA,NA,NA,NA,NA,NA,NA
1968,3,NA,NA,NA,NA,NA,NA,NA,NA,NA,NA,NA,NA,NA,NA
1968,4,NA,NA,NA,NA,NA,NA,NA,NA,NA,NA,NA,NA,NA,NA
1968,5,NA,NA,NA,NA,NA,NA,NA,NA,NA,NA,NA,NA,NA,NA
1968,6,NA,NA,NA,NA,NA,NA,NA,NA,NA,NA,NA,NA,NA,NA
1968,7,NA,NA,NA,NA,NA,NA,NA,NA,NA,NA,NA,NA,NA,NA
1968,8,NA,NA,NA,NA,NA,NA,NA,NA,NA,NA,NA,NA,NA,NA
1968,9,NA,NA,NA,NA,NA,NA,NA,NA,NA,NA,NA,NA,NA,NA
1968,10,NA,NA,NA,NA,NA,NA,NA,NA,NA,NA,NA,NA,NA,NA
1968,11,NA,NA,NA,NA,NA,NA,NA,NA,NA,NA,NA,NA,NA,NA
1968,12,NA,NA,NA,NA,NA,NA,NA,NA,NA,NA,NA,NA,NA,NA
1969,1,NA,NA,NA,NA,NA,NA,NA,NA,NA,NA,NA,NA,NA,NA
1969,2,NA,NA,NA,NA,NA,NA,NA,NA,NA,NA,NA,NA,NA,NA
1969,3,NA,NA,NA,NA,NA,NA,NA,NA,NA,NA,NA,NA,NA,NA
1969,4,NA,NA,NA,NA,NA,NA,NA,NA,NA,NA,NA,NA,NA,NA
1969,5,NA,NA,NA,NA,NA,NA,NA,NA,NA,NA,NA,NA,NA,NA
1969,6,NA,NA,NA,NA,NA,NA,NA,NA,NA,NA,NA,NA,NA,NA
1969,7,NA,NA,NA,NA,NA,NA,NA,NA,NA,NA,NA,NA,NA,NA
1969,8,NA,NA,NA,NA,NA,NA,NA,NA,NA,NA,NA,NA,NA,NA
1969,9,NA,NA,NA,NA,NA,NA,NA,NA,NA,NA,NA,NA,NA,NA
1969,10,NA,NA,NA,NA,NA,NA,NA,NA,NA,NA,NA,NA,NA,NA
1969,11,NA,NA,NA,NA,NA,NA,NA,NA,NA,NA,NA,NA,NA,NA
1969,12,NA,NA,NA,NA,NA,NA,NA,NA,NA,NA,NA,NA,NA,NA
1970,1,NA,NA,NA,NA,NA,NA,NA,NA,NA,NA,NA,NA,NA,NA
1970,2,NA,NA,NA,NA,NA,NA,NA,NA,NA,NA,NA,NA,NA,NA
1970,3,NA,NA,NA,NA,NA,NA,NA,NA,NA,NA,NA,NA,NA,NA
1970,4,NA,NA,NA,NA,NA,NA,NA,NA,NA,NA,NA,NA,NA,NA
1970,5,NA,NA,NA,NA,NA,NA,NA,NA,NA,NA,NA,NA,NA,NA
1970,6,NA,NA,NA,NA,NA,NA,NA,NA,NA,NA,NA,NA,NA,NA
1970,7,NA,NA,NA,NA,NA,NA,NA,NA,NA,NA,NA,NA,NA,NA
1970,8,NA,NA,NA,NA,NA,NA,NA,NA,NA,NA,NA,NA,NA,NA
1970,9,NA,NA,NA,NA,NA,NA,NA,NA,NA,NA,NA,NA,NA,NA
1970,10,NA,NA,NA,NA,NA,NA,NA,NA,NA,NA,NA,NA,NA,NA
1970,11,NA,NA,NA,NA,NA,NA,NA,NA,NA,NA,NA,NA,NA,NA
1970,12,NA,NA,NA,NA,NA,NA,NA,NA,NA,NA,NA,NA,NA,NA
1971,1,NA,NA,NA,NA,NA,NA,NA,NA,NA,NA,NA,NA,NA,NA
1971,2,NA,NA,NA,NA,NA,NA,NA,NA,NA,NA,NA,NA,NA,NA
1971,3,NA,NA,NA,NA,NA,NA,NA,NA,NA,NA,NA,NA,NA,NA
1971,4,NA,NA,NA,NA,NA,NA,NA,NA,NA,NA,NA,NA,NA,NA
1971,5,NA,NA,NA,NA,NA,NA,NA,NA,NA,NA,NA,NA,NA,NA
1971,6,NA,NA,NA,NA,NA,NA,NA,NA,NA,NA,NA,NA,NA,NA
1971,7,NA,NA,NA,NA,NA,NA,NA,NA,NA,NA,NA,NA,NA,NA
1971,8,NA,NA,NA,NA,NA,NA,NA,NA,NA,NA,NA,NA,NA,NA
1971,9,NA,NA,NA,NA,NA,NA,NA,NA,NA,NA,NA,NA,NA,NA
1971,10,NA,NA,NA,NA,NA,NA,NA,NA,NA,NA,NA,NA,NA,NA
1971,11,NA,NA,NA,NA,NA,NA,NA,NA,NA,NA,NA,NA,NA,NA
1971,12,NA,NA,NA,NA,NA,NA,NA,NA,NA,NA,NA,NA,NA,NA
1972,1,NA,NA,NA,NA,NA,NA,NA,NA,NA,NA,NA,NA,NA,NA
1972,2,NA,NA,NA,NA,NA,NA,NA,NA,NA,NA,NA,NA,NA,NA
1972,3,NA,NA,NA,NA,NA,NA,NA,NA,NA,NA,NA,NA,NA,NA
1972,4,NA,NA,NA,NA,NA,NA,NA,NA,NA,NA,NA,NA,NA,NA
1972,5,NA,NA,NA,NA,NA,NA,NA,NA,NA,NA,NA,NA,NA,NA
1972,6,NA,NA,NA,NA,NA,NA,NA,NA,NA,NA,NA,NA,NA,NA
1972,7,NA,NA,NA,NA,NA,NA,NA,NA,NA,NA,NA,NA,NA,NA
1972,8,NA,NA,NA,NA,NA,NA,NA,NA,NA,NA,NA,NA,NA,NA
1972,9,NA,NA,NA,NA,NA,NA,NA,NA,NA,NA,NA,NA,NA,NA
1972,10,NA,NA,NA,NA,NA,NA,NA,NA,NA,NA,NA,NA,NA,NA
1972,11,NA,NA,NA,NA,NA,NA,NA,NA,NA,NA,NA,NA,NA,NA
1972,12,NA,NA,NA,NA,NA,NA,NA,NA,NA,NA,NA,NA,NA,NA
1973,1,NA,NA,NA,NA,NA,NA,NA,NA,NA,NA,NA,NA,NA,NA
1973,2,NA,NA,NA,NA,NA,NA,NA,NA,NA,NA,NA,NA,NA,NA
1973,3,NA,NA,NA,NA,NA,NA,NA,NA,NA,NA,NA,NA,NA,NA
1973,4,NA,NA,NA,NA,NA,NA,NA,NA,NA,NA,NA,NA,NA,NA
1973,5,NA,NA,NA,NA,NA,NA,NA,NA,NA,NA,NA,NA,NA,NA
1973,6,NA,NA,NA,NA,NA,NA,NA,NA,NA,NA,NA,NA,NA,NA
1973,7,NA,NA,NA,NA,NA,NA,NA,NA,NA,NA,NA,NA,NA,NA
1973,8,NA,NA,NA,NA,NA,NA,NA,NA,NA,NA,NA,NA,NA,NA
1973,9,NA,NA,NA,NA,NA,NA,NA,NA,NA,NA,NA,NA,NA,NA
1973,10,NA,NA,NA,NA,NA,NA,NA,NA,NA,NA,NA,NA,NA,NA
1973,11,NA,NA,NA,NA,NA,NA,NA,NA,NA,NA,NA,NA,NA,NA
1973,12,NA,NA,NA,NA,NA,NA,NA,NA,NA,NA,NA,NA,NA,NA
1974,1,NA,NA,NA,NA,NA,NA,NA,NA,NA,NA,NA,NA,NA,NA
1974,2,NA,NA,NA,NA,NA,NA,NA,NA,NA,NA,NA,NA,NA,NA
1974,3,NA,NA,NA,NA,NA,NA,NA,NA,NA,NA,NA,NA,NA,NA
1974,4,NA,NA,NA,NA,NA,NA,NA,NA,NA,NA,NA,NA,NA,NA
1974,5,NA,NA,NA,NA,NA,NA,NA,NA,NA,NA,NA,NA,NA,NA
1974,6,NA,NA,NA,NA,NA,NA,NA,NA,NA,NA,NA,NA,NA,NA
1974,7,NA,NA,NA,NA,NA,NA,NA,NA,NA,NA,NA,NA,NA,NA
1974,8,NA,NA,NA,NA,NA,NA,NA,NA,NA,NA,NA,NA,NA,NA
1974,9,NA,NA,NA,NA,NA,NA,NA,NA,NA,NA,NA,NA,NA,NA
1974,10,NA,NA,NA,NA,NA,NA,NA,NA,NA,NA,NA,NA,NA,NA
1974,11,NA,NA,NA,NA,NA,NA,NA,NA,NA,NA,NA,NA,NA,NA
1974,12,NA,NA,NA,NA,NA,NA,NA,NA,NA,NA,NA,NA,NA,NA
1975,1,NA,NA,NA,NA,NA,NA,NA,NA,NA,NA,NA,NA,NA,NA
1975,2,NA,NA,NA,NA,NA,NA,NA,NA,NA,NA,NA,NA,NA,NA
1975,3,NA,NA,NA,NA,NA,NA,NA,NA,NA,NA,NA,NA,NA,NA
1975,4,NA,NA,NA,NA,NA,NA,NA,NA,NA,NA,NA,NA,NA,NA
1975,5,NA,NA,NA,NA,NA,NA,NA,NA,NA,NA,NA,NA,NA,NA
1975,6,NA,NA,NA,NA,NA,NA,NA,NA,NA,NA,NA,NA,NA,NA
1975,7,NA,NA,NA,NA,NA,NA,NA,NA,NA,NA,NA,NA,NA,NA
1975,8,NA,NA,NA,NA,NA,NA,NA,NA,NA,NA,NA,NA,NA,NA
1975,9,NA,NA,NA,NA,NA,NA,NA,NA,NA,NA,NA,NA,NA,NA
1975,10,NA,NA,NA,NA,NA,NA,NA,NA,NA,NA,NA,NA,NA,NA
1975,11,NA,NA,NA,NA,NA,NA,NA,NA,NA,NA,NA,NA,NA,NA
1975,12,NA,NA,NA,NA,NA,NA,NA,NA,NA,NA,NA,NA,NA,NA
1976,1,NA,NA,NA,NA,NA,NA,NA,NA,NA,NA,NA,NA,NA,NA
1976,2,NA,NA,NA,NA,NA,NA,NA,NA,NA,NA,NA,NA,NA,NA
1976,3,NA,NA,NA,NA,NA,NA,NA,NA,NA,NA,NA,NA,NA,NA
1976,4,NA,NA,NA,NA,NA,NA,NA,NA,NA,NA,NA,NA,NA,NA
1976,5,NA,NA,NA,NA,NA,NA,NA,NA,NA,NA,NA,NA,NA,NA
1976,6,NA,NA,NA,NA,NA,NA,NA,NA,NA,NA,NA,NA,NA,NA
1976,7,NA,NA,NA,NA,NA,NA,NA,NA,NA,NA,NA,NA,NA,NA
1976,8,NA,NA,NA,NA,NA,NA,NA,NA,NA,NA,NA,NA,NA,NA
1976,9,NA,NA,NA,NA,NA,NA,NA,NA,NA,NA,NA,NA,NA,NA
1976,10,NA,NA,NA,NA,NA,NA,NA,NA,NA,NA,NA,NA,NA,NA
1976,11,NA,NA,NA,NA,NA,NA,NA,NA,NA,NA,NA,NA,NA,NA
1976,12,NA,NA,NA,NA,NA,NA,NA,NA,NA,NA,NA,NA,NA,NA
1977,1,NA,NA,NA,NA,NA,NA,NA,NA,NA,NA,NA,NA,NA,NA
1977,2,NA,NA,NA,NA,NA,NA,NA,NA,NA,NA,NA,NA,NA,NA
1977,3,NA,NA,NA,NA,NA,NA,NA,NA,NA,NA,NA,NA,NA,NA
1977,4,NA,NA,NA,NA,NA,NA,NA,NA,NA,NA,NA,NA,NA,NA
1977,5,NA,NA,NA,NA,NA,NA,NA,NA,NA,NA,NA,NA,NA,NA
1977,6,NA,NA,NA,NA,NA,NA,NA,NA,NA,NA,NA,NA,NA,NA
1977,7,NA,NA,NA,NA,NA,NA,NA,NA,NA,NA,NA,NA,NA,NA
1977,8,NA,NA,NA,NA,NA,NA,NA,NA,NA,NA,NA,NA,NA,NA
1977,9,NA,NA,NA,NA,NA,NA,NA,NA,NA,NA,NA,NA,NA,NA
1977,10,NA,NA,NA,NA,NA,NA,NA,NA,NA,NA,NA,NA,NA,NA
1977,11,NA,NA,NA,NA,NA,NA,NA,NA,NA,NA,NA,NA,NA,NA
1977,12,NA,NA,NA,NA,NA,NA,NA,NA,NA,NA,NA,NA,NA,NA
1978,1,NA,NA,NA,NA,NA,NA,NA,NA,NA,NA,NA,NA,NA,NA
1978,2,NA,NA,NA,NA,NA,NA,NA,NA,NA,NA,NA,NA,NA,NA
1978,3,NA,NA,NA,NA,NA,NA,NA,NA,NA,NA,NA,NA,NA,NA
1978,4,NA,NA,NA,NA,NA,NA,NA,NA,NA,NA,NA,NA,NA,NA
1978,5,NA,NA,NA,NA,NA,NA,NA,NA,NA,NA,NA,NA,NA,NA
1978,6,NA,NA,NA,NA,NA,NA,NA,NA,NA,NA,NA,NA,NA,NA
1978,7,NA,NA,NA,NA,NA,NA,NA,NA,NA,NA,NA,NA,NA,NA
1978,8,NA,NA,NA,NA,NA,NA,NA,NA,NA,NA,NA,NA,NA,NA
1978,9,NA,NA,NA,NA,NA,NA,NA,NA,NA,NA,NA,NA,NA,NA
1978,10,NA,NA,NA,NA,NA,NA,NA,NA,NA,NA,NA,NA,NA,NA
1978,11,NA,NA,NA,NA,NA,NA,NA,NA,NA,NA,NA,NA,NA,NA
1978,12,NA,NA,NA,NA,NA,NA,NA,NA,NA,NA,NA,NA,NA,NA
1979,1,NA,NA,NA,NA,NA,NA,NA,NA,NA,NA,NA,NA,NA,NA
1979,2,NA,NA,NA,NA,NA,NA,NA,NA,NA,NA,NA,NA,NA,NA
1979,3,NA,NA,NA,NA,NA,NA,NA,NA,NA,NA,NA,NA,NA,NA
1979,4,NA,NA,NA,NA,NA,NA,NA,NA,NA,NA,NA,NA,NA,NA
1979,5,NA,NA,NA,NA,NA,NA,NA,NA,NA,NA,NA,NA,NA,NA
1979,6,NA,NA,NA,NA,NA,NA,NA,NA,NA,NA,NA,NA,NA,NA
1979,7,NA,NA,NA,NA,NA,NA,NA,NA,NA,NA,NA,NA,NA,NA
1979,8,NA,NA,NA,NA,NA,NA,NA,NA,NA,NA,NA,NA,NA,NA
1979,9,NA,NA,NA,NA,NA,NA,NA,NA,NA,NA,NA,NA,NA,NA
1979,10,NA,NA,NA,NA,NA,NA,NA,NA,NA,NA,NA,NA,NA,NA
1979,11,NA,NA,NA,NA,NA,NA,NA,NA,NA,NA,NA,NA,NA,NA
1979,12,NA,NA,NA,NA,NA,NA,NA,NA,NA,NA,NA,NA,NA,NA
1980,1,NA,NA,NA,NA,NA,NA,NA,NA,NA,NA,NA,NA,NA,NA
1980,2,NA,NA,NA,NA,NA,NA,NA,NA,NA,NA,NA,NA,NA,NA
1980,3,NA,NA,NA,NA,NA,NA,NA,NA,NA,NA,NA,NA,NA,NA
1980,4,NA,NA,NA,NA,NA,NA,NA,NA,NA,NA,NA,NA,NA,NA
1980,5,NA,NA,NA,NA,NA,NA,NA,NA,NA,NA,NA,NA,NA,NA
1980,6,NA,NA,NA,NA,NA,NA,NA,NA,NA,NA,NA,NA,NA,NA
1980,7,NA,NA,NA,NA,NA,NA,NA,NA,NA,NA,NA,NA,NA,NA
1980,8,NA,NA,NA,NA,NA,NA,NA,NA,NA,NA,NA,NA,NA,NA
1980,9,NA,NA,NA,NA,NA,NA,NA,NA,NA,NA,NA,NA,NA,NA
1980,10,NA,NA,NA,NA,NA,NA,NA,NA,NA,NA,NA,NA,NA,NA
1980,11,NA,NA,NA,NA,NA,NA,NA,NA,NA,NA,NA,NA,NA,NA
1980,12,NA,NA,NA,NA,NA,NA,NA,NA,NA,NA,NA,NA,NA,NA
1981,1,NA,NA,NA,NA,NA,NA,NA,NA,NA,NA,NA,NA,NA,NA
1981,2,NA,NA,NA,NA,NA,NA,NA,NA,NA,NA,NA,NA,NA,NA
1981,3,NA,NA,NA,NA,NA,NA,NA,NA,NA,NA,NA,NA,NA,NA
1981,4,NA,NA,NA,NA,NA,NA,NA,NA,NA,NA,NA,NA,NA,NA
1981,5,NA,NA,NA,NA,NA,NA,NA,NA,NA,NA,NA,NA,NA,NA
1981,6,NA,NA,NA,NA,NA,NA,NA,NA,NA,NA,NA,NA,NA,NA
1981,7,NA,NA,NA,NA,NA,NA,NA,NA,NA,NA,NA,NA,NA,NA
1981,8,NA,NA,NA,NA,NA,NA,NA,NA,NA,NA,NA,NA,NA,NA
1981,9,NA,NA,NA,NA,NA,NA,NA,NA,NA,NA,NA,NA,NA,NA
1981,10,NA,NA,NA,NA,NA,NA,NA,NA,NA,NA,NA,NA,NA,NA
1981,11,NA,NA,NA,NA,NA,NA,NA,NA,NA,NA,NA,NA,NA,NA
1981,12,NA,NA,NA,NA,NA,NA,NA,NA,NA,NA,NA,NA,NA,NA
1982,1,NA,NA,NA,NA,NA,NA,NA,NA,NA,NA,NA,NA,NA,NA
1982,2,NA,NA,NA,NA,NA,NA,NA,NA,NA,NA,NA,NA,NA,NA
1982,3,NA,NA,NA,NA,NA,NA,NA,NA,NA,NA,NA,NA,NA,NA
1982,4,NA,NA,NA,NA,NA,NA,NA,NA,NA,NA,NA,NA,NA,NA
1982,5,NA,NA,NA,NA,NA,NA,NA,NA,NA,NA,NA,NA,NA,NA
1982,6,NA,NA,NA,NA,NA,NA,NA,NA,NA,NA,NA,NA,NA,NA
1982,7,NA,NA,NA,NA,NA,NA,NA,NA,NA,NA,NA,NA,NA,NA
1982,8,NA,NA,NA,NA,NA,NA,NA,NA,NA,NA,NA,NA,NA,NA
1982,9,NA,NA,NA,NA,NA,NA,NA,NA,NA,NA,NA,NA,NA,NA
1982,10,NA,NA,NA,NA,NA,NA,NA,NA,NA,NA,NA,NA,NA,NA
1982,11,NA,NA,NA,NA,NA,NA,NA,NA,NA,NA,NA,NA,NA,NA
1982,12,NA,NA,NA,NA,NA,NA,NA,NA,NA,NA,NA,NA,NA,NA
1983,1,NA,NA,NA,NA,NA,NA,NA,NA,NA,NA,NA,NA,NA,NA
1983,2,NA,NA,NA,NA,NA,NA,NA,NA,NA,NA,NA,NA,NA,NA
1983,3,NA,NA,NA,NA,NA,NA,NA,NA,NA,NA,NA,NA,NA,NA
1983,4,NA,NA,NA,NA,NA,NA,NA,NA,NA,NA,NA,NA,NA,NA
1983,5,NA,NA,NA,NA,NA,NA,NA,NA,NA,NA,NA,NA,NA,NA
1983,6,NA,NA,NA,NA,NA,NA,NA,NA,NA,NA,NA,NA,NA,NA
1983,7,NA,NA,NA,NA,NA,NA,NA,NA,NA,NA,NA,NA,NA,NA
1983,8,NA,NA,NA,NA,NA,NA,NA,NA,NA,NA,NA,NA,NA,NA
1983,9,NA,NA,NA,NA,NA,NA,NA,NA,NA,NA,NA,NA,NA,NA
1983,10,NA,NA,NA,NA,NA,NA,NA,NA,NA,NA,NA,NA,NA,NA
1983,11,NA,NA,NA,NA,NA,NA,NA,NA,NA,NA,NA,NA,NA,NA
1983,12,NA,NA,NA,NA,NA,NA,NA,NA,NA,NA,NA,NA,NA,NA
1984,1,NA,NA,NA,NA,NA,NA,NA,NA,NA,NA,NA,NA,NA,NA
1984,2,NA,NA,NA,NA,NA,NA,NA,NA,NA,NA,NA,NA,NA,NA
1984,3,NA,NA,NA,NA,NA,NA,NA,NA,NA,NA,NA,NA,NA,NA
1984,4,NA,NA,NA,NA,NA,NA,NA,NA,NA,NA,NA,NA,NA,NA
1984,5,NA,NA,NA,NA,NA,NA,NA,NA,NA,NA,NA,NA,NA,NA
1984,6,NA,NA,NA,NA,NA,NA,NA,NA,NA,NA,NA,NA,NA,NA
1984,7,NA,NA,NA,NA,NA,NA,NA,NA,NA,NA,NA,NA,NA,NA
1984,8,NA,NA,NA,NA,NA,NA,NA,NA,NA,NA,NA,NA,NA,NA
1984,9,NA,NA,NA,NA,NA,NA,NA,NA,NA,NA,NA,NA,NA,NA
1984,10,NA,NA,NA,NA,NA,NA,NA,NA,NA,NA,NA,NA,NA,NA
1984,11,NA,NA,NA,NA,NA,NA,NA,NA,NA,NA,NA,NA,NA,NA
1984,12,NA,NA,NA,NA,NA,NA,NA,NA,NA,NA,NA,NA,NA,NA
1985,1,NA,NA,NA,NA,NA,NA,NA,NA,NA,NA,NA,NA,NA,NA
1985,2,NA,NA,NA,NA,NA,NA,NA,NA,NA,NA,NA,NA,NA,NA
1985,3,NA,NA,NA,NA,NA,NA,NA,NA,NA,NA,NA,NA,NA,NA
1985,4,NA,NA,NA,NA,NA,NA,NA,NA,NA,NA,NA,NA,NA,NA
1985,5,NA,NA,NA,NA,NA,NA,NA,NA,NA,NA,NA,NA,NA,NA
1985,6,NA,NA,NA,NA,NA,NA,NA,NA,NA,NA,NA,NA,NA,NA
1985,7,NA,NA,NA,NA,NA,NA,NA,NA,NA,NA,NA,NA,NA,NA
1985,8,NA,NA,NA,NA,NA,NA,NA,NA,NA,NA,NA,NA,NA,NA
1985,9,NA,NA,NA,NA,NA,NA,NA,NA,NA,NA,NA,NA,NA,NA
1985,10,NA,NA,NA,NA,NA,NA,NA,NA,NA,NA,NA,NA,NA,NA
1985,11,NA,NA,NA,NA,NA,NA,NA,NA,NA,NA,NA,NA,NA,NA
1985,12,NA,NA,NA,NA,NA,NA,NA,NA,NA,NA,NA,NA,NA,NA
1986,1,NA,NA,NA,NA,NA,NA,NA,NA,NA,NA,NA,NA,NA,NA
1986,2,NA,NA,NA,NA,NA,NA,NA,NA,NA,NA,NA,NA,NA,NA
1986,3,NA,NA,NA,NA,NA,NA,NA,NA,NA,NA,NA,NA,NA,NA
1986,4,NA,NA,NA,NA,NA,NA,NA,NA,NA,NA,NA,NA,NA,NA
1986,5,NA,NA,NA,NA,NA,NA,NA,NA,NA,NA,NA,NA,NA,NA
1986,6,NA,NA,NA,NA,NA,NA,NA,NA,NA,NA,NA,NA,NA,NA
1986,7,NA,NA,NA,NA,NA,NA,NA,NA,NA,NA,NA,NA,NA,NA
1986,8,NA,NA,NA,NA,NA,NA,NA,NA,NA,NA,NA,NA,NA,NA
1986,9,NA,NA,NA,NA,NA,NA,NA,NA,NA,NA,NA,NA,NA,NA
1986,10,NA,NA,NA,NA,NA,NA,NA,NA,NA,NA,NA,NA,NA,NA
1986,11,NA,NA,NA,NA,NA,NA,NA,NA,NA,NA,NA,NA,NA,NA
1986,12,NA,NA,NA,NA,NA,NA,NA,NA,NA,NA,NA,NA,NA,NA
1987,1,NA,NA,NA,NA,NA,NA,NA,NA,NA,NA,NA,NA,NA,NA
1987,2,NA,NA,NA,NA,NA,NA,NA,NA,NA,NA,NA,NA,NA,NA
1987,3,NA,NA,NA,NA,NA,NA,NA,NA,NA,NA,NA,NA,NA,NA
1987,4,NA,NA,NA,NA,NA,NA,NA,NA,NA,NA,NA,NA,NA,NA
1987,5,NA,NA,NA,NA,NA,NA,NA,NA,NA,NA,NA,NA,NA,NA
1987,6,NA,NA,NA,NA,NA,NA,NA,NA,NA,NA,NA,NA,NA,NA
1987,7,NA,NA,NA,NA,NA,NA,NA,NA,NA,NA,NA,NA,NA,NA
1987,8,NA,NA,NA,NA,NA,NA,NA,NA,NA,NA,NA,NA,NA,NA
1987,9,NA,NA,NA,NA,NA,NA,NA,NA,NA,NA,NA,NA,NA,NA
1987,10,NA,NA,NA,NA,NA,NA,NA,NA,NA,NA,NA,NA,NA,NA
1987,11,NA,NA,NA,NA,NA,NA,NA,NA,NA,NA,NA,NA,NA,NA
1987,12,NA,NA,NA,NA,NA,NA,NA,NA,NA,NA,NA,NA,NA,NA
1988,1,NA,NA,NA,NA,NA,NA,NA,NA,NA,NA,NA,NA,NA,NA
1988,2,NA,NA,NA,NA,NA,NA,NA,NA,NA,NA,NA,NA,NA,NA
1988,3,NA,NA,NA,NA,NA,NA,NA,NA,NA,NA,NA,NA,NA,NA
1988,4,NA,NA,NA,NA,NA,NA,NA,NA,NA,NA,NA,NA,NA,NA
1988,5,NA,NA,NA,NA,NA,NA,NA,NA,NA,NA,NA,NA,NA,NA
1988,6,NA,NA,NA,NA,NA,NA,NA,NA,NA,NA,NA,NA,NA,NA
1988,7,NA,NA,NA,NA,NA,NA,NA,NA,NA,NA,NA,NA,NA,NA
1988,8,NA,NA,NA,NA,NA,NA,NA,NA,NA,NA,NA,NA,NA,NA
1988,9,NA,NA,NA,NA,NA,NA,NA,NA,NA,NA,NA,NA,NA,NA
1988,10,NA,NA,NA,NA,NA,NA,NA,NA,NA,NA,NA,NA,NA,NA
1988,11,NA,NA,NA,NA,NA,NA,NA,NA,NA,NA,NA,NA,NA,NA
1988,12,NA,NA,NA,NA,NA,NA,NA,NA,NA,NA,NA,NA,NA,NA
1989,1,NA,NA,NA,NA,NA,NA,NA,NA,NA,NA,NA,NA,NA,NA
1989,2,NA,NA,NA,NA,NA,NA,NA,NA,NA,NA,NA,NA,NA,NA
1989,3,NA,NA,NA,NA,NA,NA,NA,NA,NA,NA,NA,NA,NA,NA
1989,4,NA,NA,NA,NA,NA,NA,NA,NA,NA,NA,NA,NA,NA,NA
1989,5,NA,NA,NA,NA,NA,NA,NA,NA,NA,NA,NA,NA,NA,NA
1989,6,NA,NA,NA,NA,NA,NA,NA,NA,NA,NA,NA,NA,NA,NA
1989,7,NA,NA,NA,NA,NA,NA,NA,NA,NA,NA,NA,NA,NA,NA
1989,8,NA,NA,NA,NA,NA,NA,NA,NA,NA,NA,NA,NA,NA,NA
1989,9,NA,NA,NA,NA,NA,NA,NA,NA,NA,NA,NA,NA,NA,NA
1989,10,NA,NA,NA,NA,NA,NA,NA,NA,NA,NA,NA,NA,NA,NA
1989,11,NA,NA,NA,NA,NA,NA,NA,NA,NA,NA,NA,NA,NA,NA
1989,12,NA,NA,NA,NA,NA,NA,NA,NA,NA,NA,NA,NA,NA,NA
1990,1,NA,NA,NA,NA,NA,NA,NA,NA,NA,NA,NA,NA,NA,NA
1990,2,NA,NA,NA,NA,NA,NA,NA,NA,NA,NA,NA,NA,NA,NA
1990,3,NA,NA,NA,NA,NA,NA,NA,NA,NA,NA,NA,NA,NA,NA
1990,4,NA,NA,NA,NA,NA,NA,NA,NA,NA,NA,NA,NA,NA,NA
1990,5,NA,NA,NA,NA,NA,NA,NA,NA,NA,NA,NA,NA,NA,NA
1990,6,NA,NA,NA,NA,NA,NA,NA,NA,NA,NA,NA,NA,NA,NA
1990,7,NA,NA,NA,NA,NA,NA,NA,NA,NA,NA,NA,NA,NA,NA
1990,8,NA,NA,NA,NA,NA,NA,NA,NA,NA,NA,NA,NA,NA,NA
1990,9,NA,NA,NA,NA,NA,NA,NA,NA,NA,NA,NA,NA,NA,NA
1990,10,NA,NA,NA,NA,NA,NA,NA,NA,NA,NA,NA,NA,NA,NA
1990,11,NA,NA,NA,NA,NA,NA,NA,NA,NA,NA,NA,NA,NA,NA
1990,12,NA,NA,NA,NA,NA,NA,NA,NA,NA,NA,NA,NA,NA,NA
1991,1,NA,NA,NA,NA,NA,NA,NA,NA,NA,NA,NA,NA,NA,NA
1991,2,NA,NA,NA,NA,NA,NA,NA,NA,NA,NA,NA,NA,NA,NA
1991,3,NA,NA,NA,NA,NA,NA,NA,NA,NA,NA,NA,NA,NA,NA
1991,4,NA,NA,NA,NA,NA,NA,NA,NA,NA,NA,NA,NA,NA,NA
1991,5,NA,NA,NA,NA,NA,NA,NA,NA,NA,NA,NA,NA,NA,NA
1991,6,NA,NA,NA,NA,NA,NA,NA,NA,NA,NA,NA,NA,NA,NA
1991,7,NA,NA,NA,NA,NA,NA,NA,NA,NA,NA,NA,NA,NA,NA
1991,8,NA,NA,NA,NA,NA,NA,NA,NA,NA,NA,NA,NA,NA,NA
1991,9,NA,NA,NA,NA,NA,NA,NA,NA,NA,NA,NA,NA,NA,NA
1991,10,NA,NA,NA,NA,NA,NA,NA,NA,NA,NA,NA,NA,NA,NA
1991,11,NA,NA,NA,NA,NA,NA,NA,NA,NA,NA,NA,NA,NA,NA
1991,12,NA,NA,NA,NA,NA,NA,NA,NA,NA,NA,NA,NA,NA,NA
1992,1,NA,NA,NA,NA,NA,NA,NA,NA,NA,NA,NA,NA,NA,NA
1992,2,NA,NA,NA,NA,NA,NA,NA,NA,NA,NA,NA,NA,NA,NA
1992,3,NA,NA,NA,NA,NA,NA,NA,NA,NA,NA,NA,NA,NA,NA
1992,4,NA,NA,NA,NA,NA,NA,NA,NA,NA,NA,NA,NA,NA,NA
1992,5,NA,NA,NA,NA,NA,NA,NA,NA,NA,NA,NA,NA,NA,NA
1992,6,NA,NA,NA,NA,NA,NA,NA,NA,NA,NA,NA,NA,NA,NA
1992,7,NA,NA,NA,NA,NA,NA,NA,NA,NA,NA,NA,NA,NA,NA
1992,8,NA,NA,NA,NA,NA,NA,NA,NA,NA,NA,NA,NA,NA,NA
1992,9,NA,NA,NA,NA,NA,NA,NA,NA,NA,NA,NA,NA,NA,NA
1992,10,NA,NA,NA,NA,NA,NA,NA,NA,NA,NA,NA,NA,NA,NA
1992,11,NA,NA,NA,NA,NA,NA,NA,NA,NA,NA,NA,NA,NA,NA
1992,12,NA,NA,NA,NA,NA,NA,NA,NA,NA,NA,NA,NA,NA,NA
1993,1,NA,NA,NA,NA,NA,NA,NA,NA,NA,NA,NA,NA,NA,NA
1993,2,NA,NA,NA,NA,NA,NA,NA,NA,NA,NA,NA,NA,NA,NA
1993,3,NA,NA,NA,NA,NA,NA,NA,NA,NA,NA,NA,NA,NA,NA
1993,4,NA,NA,NA,NA,NA,NA,NA,NA,NA,NA,NA,NA,NA,NA
1993,5,NA,NA,NA,NA,NA,NA,NA,NA,NA,NA,NA,NA,NA,NA
1993,6,NA,NA,NA,NA,NA,NA,NA,NA,NA,NA,NA,NA,NA,NA
1993,7,NA,NA,NA,NA,NA,NA,NA,NA,NA,NA,NA,NA,NA,NA
1993,8,NA,NA,NA,NA,NA,NA,NA,NA,NA,NA,NA,NA,NA,NA
1993,9,NA,NA,NA,NA,NA,NA,NA,NA,NA,NA,NA,NA,NA,NA
1993,10,NA,NA,NA,NA,NA,NA,NA,NA,NA,NA,NA,NA,NA,NA
1993,11,NA,NA,NA,NA,NA,NA,NA,NA,NA,NA,NA,NA,NA,NA
1993,12,NA,NA,NA,NA,NA,NA,NA,NA,NA,NA,NA,NA,NA,NA
1994,1,NA,NA,NA,NA,NA,NA,NA,NA,NA,NA,NA,NA,NA,NA
1994,2,NA,NA,NA,NA,NA,NA,NA,NA,NA,NA,NA,NA,NA,NA
1994,3,NA,NA,NA,NA,NA,NA,NA,NA,NA,NA,NA,NA,NA,NA
1994,4,NA,NA,NA,NA,NA,NA,NA,NA,NA,NA,NA,NA,NA,NA
1994,5,NA,NA,NA,NA,NA,NA,NA,NA,NA,NA,NA,NA,NA,NA
1994,6,NA,NA,NA,NA,NA,NA,NA,NA,NA,NA,NA,NA,NA,NA
1994,7,NA,NA,NA,NA,NA,NA,NA,NA,NA,NA,NA,NA,NA,NA
1994,8,NA,NA,NA,NA,NA,NA,NA,NA,NA,NA,NA,NA,NA,NA
1994,9,NA,NA,NA,NA,NA,NA,NA,NA,NA,NA,NA,NA,NA,NA
1994,10,NA,NA,NA,NA,NA,NA,NA,NA,NA,NA,NA,NA,NA,NA
1994,11,NA,NA,NA,NA,NA,NA,NA,NA,NA,NA,NA,NA,NA,NA
1994,12,NA,NA,NA,NA,NA,NA,NA,NA,NA,NA,NA,NA,NA,NA
1995,1,NA,NA,NA,NA,NA,NA,NA,NA,NA,NA,NA,NA,NA,NA
1995,2,NA,NA,NA,NA,NA,NA,NA,NA,NA,NA,NA,NA,NA,NA
1995,3,NA,NA,NA,NA,NA,NA,NA,NA,NA,NA,NA,NA,NA,NA
1995,4,NA,NA,NA,NA,NA,NA,NA,NA,NA,NA,NA,NA,NA,NA
1995,5,NA,NA,NA,NA,NA,NA,NA,NA,NA,NA,NA,NA,NA,NA
1995,6,NA,NA,NA,NA,NA,NA,NA,NA,NA,NA,NA,NA,NA,NA
1995,7,NA,NA,NA,NA,NA,NA,NA,NA,NA,NA,NA,NA,NA,NA
1995,8,NA,NA,NA,NA,NA,NA,NA,NA,NA,NA,NA,NA,NA,NA
1995,9,NA,NA,NA,NA,NA,NA,NA,NA,NA,NA,NA,NA,NA,NA
1995,10,NA,NA,NA,NA,NA,NA,NA,NA,NA,NA,NA,NA,NA,NA
1995,11,NA,NA,NA,NA,NA,NA,NA,NA,NA,NA,NA,NA,NA,NA
1995,12,NA,NA,NA,NA,NA,NA,NA,NA,NA,NA,NA,NA,NA,NA
1996,1,NA,NA,NA,NA,NA,NA,NA,NA,NA,NA,NA,NA,NA,NA
1996,2,NA,NA,NA,NA,NA,NA,NA,NA,NA,NA,NA,NA,NA,NA
1996,3,NA,NA,NA,NA,NA,NA,NA,NA,NA,NA,NA,NA,NA,NA
1996,4,NA,NA,NA,NA,NA,NA,NA,NA,NA,NA,NA,NA,NA,NA
1996,5,NA,NA,NA,NA,NA,NA,NA,NA,NA,NA,NA,NA,NA,NA
1996,6,NA,NA,NA,NA,NA,NA,NA,NA,NA,NA,NA,NA,NA,NA
1996,7,NA,NA,NA,NA,NA,NA,NA,NA,NA,NA,NA,NA,NA,NA
1996,8,NA,NA,NA,NA,NA,NA,NA,NA,NA,NA,NA,NA,NA,NA
1996,9,NA,NA,NA,NA,NA,NA,NA,NA,NA,NA,NA,NA,NA,NA
1996,10,NA,NA,NA,NA,NA,NA,NA,NA,NA,NA,NA,NA,NA,NA
1996,11,NA,NA,NA,NA,NA,NA,NA,NA,NA,NA,NA,NA,NA,NA
1996,12,NA,NA,NA,NA,NA,NA,NA,NA,NA,NA,NA,NA,NA,NA
1997,1,NA,NA,NA,NA,NA,NA,NA,NA,NA,NA,NA,NA,NA,NA
1997,2,NA,NA,NA,NA,NA,NA,NA,NA,NA,NA,NA,NA,NA,NA
1997,3,NA,NA,NA,NA,NA,NA,NA,NA,NA,NA,NA,NA,NA,NA
1997,4,NA,NA,NA,NA,NA,NA,NA,NA,NA,NA,NA,NA,NA,NA
1997,5,NA,NA,NA,NA,NA,NA,NA,NA,NA,NA,NA,NA,NA,NA
1997,6,NA,NA,NA,NA,NA,NA,NA,NA,NA,NA,NA,NA,NA,NA
1997,7,NA,NA,NA,NA,NA,NA,NA,NA,NA,NA,NA,NA,NA,NA
1997,8,NA,NA,NA,NA,NA,NA,NA,NA,NA,NA,NA,NA,NA,NA
1997,9,1.53250539474762,1.5332093516534,1.13202686592152,0.845952951261457,0.752903796363585,0.387469332085715,0.589476471747223,0.474462865138209,0.45749692505271,0.311164056201895,0.395982355058911,0.252566040145705,0.179606404267028,0.711468003331179
1997,10,0.596245790958405,0.651929254856026,0.670950053011378,0.450388579496316,0.423131312158975,0.301921468250145,0.269082873618814,0.227972921644208,0.189066832021969,0.209028630640851,0.159777939544026,0.161304776793754,0.123178972250964,0.729801070096122
1997,11,0.482263020934567,0.540261785403408,0.686968308510417,0.275944418319455,0.248029563713957,0.15566331439117,0.165073141500805,0.213392753907967,0.134702772739724,0.141463489310276,0.120994735663459,0.123628926876734,0.120652624003633,0.423611041448884
1997,12,0.556404907920564,0.426209485235293,0.464190433422724,0.358053899530707,0.258019161630761,0.19321235388341,0.181825766372963,0.209590240026869,0.159525506242492,0.145030579182523,0.152537568874613,0.133168542526177,0.134831384794247,0.595902793271657
1998,1,0.517568658688106,0.488569194004555,0.52582389600575,0.279066610644604,0.184751375155015,0.188526070241392,0.18688404868693,0.237774811023791,0.191399264000577,0.155637657853979,0.179687524423797,0.157923995125929,0.153428967711488,0.791801368255143
1998,2,0.397957439933504,0.474823506656757,0.386566438211882,0.257168971158408,0.26091386472637,0.18755422241589,0.219213520281414,0.186881665030175,0.158266296312654,0.167679909241975,0.168267289033303,0.145415894643089,0.143583964402154,0.675621007904789
1998,3,0.623681234545074,0.63914890550077,0.416463001406398,0.292241104000004,0.272259628382799,0.249111601763223,0.283891343594303,0.203732590350879,0.170816710273895,0.176783708778359,0.182567543708361,0.168085247190041,0.16817048404898,0.766667724704024
1998,4,0.410919101202282,0.327164114678948,0.458149652005336,0.325743387590666,0.306331393393603,0.22490050401208,0.216935052935566,0.227233068301127,0.223528365940737,0.19501045076962,0.211038779023857,0.208418788289177,0.204869721930451,0.703804721186986
1998,5,0.486370652606807,0.871778639565621,0.576050612625185,0.478832850451855,0.490626173598744,0.223875616265066,0.22358337681869,0.175030408101482,0.225322622253049,0.210295157825075,0.188228693854365,0.177875998810198,0.165187257325508,0.60232044042963
1998,6,0.179952146485448,3.67824981230147,1.45040060606386,1.69506124434648,5.18939802381727,0.231737216553056,0.275705756563129,0.284159230983863,0.806662112029631,1.11255881623788,0.333088513098511,0.259205071555991,0.154092351528438,0.778798181542082
1998,7,2.04936426877975,16.2250650852127,6.48592379289804,3.60255739837885,5.39339863294843,NA,0.808898861209551,1.56699783084667,1.09907639937953,5.05808385057622,0.902616346456918,2.87600179550783,1.64960488012642,1.31932847805925
1998,8,1.15240445931753,2.94379127025604,3.16764659020636,6.23898229996363,3.29290730409,0.728776497973336,1.25963211694702,1.19988639503717,4.41017626864569,2.59323139558005,1.0217041768811,7.59853763658492,3.58225095327254,0.968803465133533
1998,9,2.83592869490385,2.6128971120425,2.04748833103705,2.04004564285278,3.82637963436618,1.0676922062477,1.32703673712364,0.915355090635369,0.692912194150977,1.68724995195156,0.445343689899892,0.471110554412007,0.291458069595672,1.51801591568862
1998,10,1.92868350375266,2.08215049753586,1.7584946049472,1.49565773194944,1.58199786156723,0.715758367226674,0.703281322050662,0.72733241584174,0.597644577784972,0.515480722083985,0.378153454622573,0.361435947333567,0.239248119515075,1.74909467721472
1998,11,0.891688863979653,1.09153726920486,0.972304345162447,0.764088770039648,1.55205836585749,0.317375646716744,0.331904087357129,0.330730061184975,0.313615551519537,0.342164170988918,0.233616712266171,0.230647775654991,0.223359094480791,0.780092547203196
1998,12,0.842743773013353,0.819115935046165,0.663764665195765,0.541770113931669,0.337460358711806,0.306464924085775,0.375064535782887,0.330465853126091,0.31239412769058,0.283920238709309,0.231749512563796,0.2742142195885,0.257291977574839,0.917473959413605
1999,1,0.502337574842386,0.563176506366886,0.473605884993372,0.348324615481897,0.231497487536183,0.265663224211811,0.275184545732109,0.275538930526147,0.235911909556953,0.220072469591389,0.234903346592858,0.221963017914422,0.241551665952925,0.698299616799882
1999,2,0.564026442822069,0.496367909136366,0.469066179242016,0.393540649578489,0.26492080593651,0.310777884792294,0.287408026100616,0.272266138587478,0.247395409723005,0.235307527981566,0.247339665008014,0.227432543004053,0.211176103124252,0.596063149005629
1999,3,0.584928846994384,0.521444864884144,0.531378805885712,0.547296687439605,0.443097010533386,0.309882874231367,0.243819123629988,0.22431519415957,0.244459091735309,0.295645004898839,0.259599325478457,0.22564401698835,0.201651215101733,0.765197624609233
1999,4,1.90342030260298,NA,NA,NA,NA,0.273419248312712,NA,NA,NA,0.242658940454324,0.21592178940773,0.201539371300627,0.275684276452431,0.686525159648487
1999,5,NA,0.423753442637848,0.530342504382133,1.15679684869001,1.48003351688385,NA,0.471874123646153,0.220706911300713,0.244505248615675,0.526494510810484,0.194525740907661,0.240957235390285,0.188370450928405,0.909293605137045
1999,6,0.791102251385228,1.60722917945761,1.32902907036446,1.88309217091148,5.60696965838791,0.228188124795755,0.358089507581332,0.38894634208982,0.388661524865049,0.913454491711227,0.23541739672244,0.234179596576465,0.166473008163229,0.508377036014896
1999,7,0.306872367858887,NA,1.55126154072144,3.63872536250523,6.12258555983553,0.264116113891407,0.198935486376286,0.439665587324845,2.64964005947113,2.71314240821072,0.490444419475702,1.60806596531706,0.832469052877747,1.06938396692276
1999,8,3.34769185951778,3.7755717588406,2.7778257216726,3.46657324032705,7.07326016352349,0.804463466300684,1.34999612428374,0.96678096590898,0.87631768622884,2.07742330454014,0.408186060943823,0.795554801293299,0.559615673682162,0.648313142215976
1999,9,4.92424733792582,4.70922368402066,5.37987440565358,4.33701162396566,5.45747936969606,1.27099545982229,1.9552636087349,0.698951916573079,0.670483026348945,0.91556501161398,0.34469205481094,0.260509804773488,0.306730092107179,1.81131380210685
1999,10,2.70558699701102,3.66423763488901,1.66931500638786,1.57608909572452,1.437977059622,1.08695743647878,1.67360745083137,0.843408035849213,0.465387268552502,0.580766681064334,0.482188627801158,0.556898875416612,0.539362739396575,1.52217820536805
1999,11,1.44008577358909,1.2044599957642,1.3020840735517,1.34048357373434,1.97999206879764,0.550254881029298,0.502573270064134,0.47821782732151,0.369083390257062,0.611327083329477,0.359073295748445,0.28568609129395,0.308163213218458,1.69295496363729
1999,12,0.601715888828039,0.665886705818255,0.606631694181311,0.337074189239906,0.334036009555513,0.238514465340496,0.273145070971822,0.213285215154907,0.175170267033859,0.228705661713019,0.167329999469441,0.207942283453321,0.175509675543689,0.731546235159039
2000,1,0.392108236040388,0.472366666498263,0.45367374363517,0.283948344436098,0.302675320042504,0.207571114925943,0.283332367179662,0.197399304992348,0.196801409301673,0.21014043547698,0.169669159947062,0.214652821597968,0.261612107944206,0.673268971106715
2000,2,0.33274629570189,0.485107101192159,0.47040490430545,0.363258282039441,0.391356142678044,0.18449667060869,0.191043573811915,0.187630787844489,0.157471378614917,0.190597789395138,0.163032874200471,0.174451128706424,0.184437157663368,0.561809944190286
2000,3,0.440776649448607,0.475264858206113,0.447595568264232,0.305452551479851,0.504523979766028,0.180818373811315,0.177198263050536,0.177347943803968,0.16795495690326,0.199282571314329,0.161751576693806,0.154532639460789,0.146153720305163,0.738275061226654
2000,4,0.42668280353613,0.526572020189597,0.323486683713762,0.259074706584215,0.406362120719517,0.172071425519751,0.150700203228927,0.165711280579368,0.134340017937221,0.178358564583155,0.133576877939869,0.150391191472671,0.139305070677931,0.757712474046441
2000,5,0.622692567370241,1.59486830616609,0.816663875430822,1.66373598163432,3.72722797206155,0.195367092423769,0.307955073192716,0.313859067813179,0.187219865399705,0.622634028718316,0.135660516086853,0.172213337830538,0.131336890513728,0.719166808606436
2000,6,0.857947880166701,3.2472258405185,2.97055516640345,3.27562278265856,3.110345345099,0.399079560985168,0.368684951374025,0.523952537077539,1.047651939377,1.37572871072818,0.359315057027908,0.651840088042346,0.262534888271166,0.465227806568146
2000,7,7.79168038305483,10.3803732367831,7.07755827724934,6.98049501745324,7.56895666884393,0.648877024650574,1.9245737599475,1.50086769389819,4.26113210439682,3.33789506080924,0.469514395231786,2.06677695389452,0.798864026376806,4.66965413720984
2000,8,3.2393056736436,4.69189796217701,2.92349254160092,6.29800596131155,9.46619254271189,1.73891843572773,2.12259088368977,1.86807387076809,0.830413428827738,1.4369421065815,0.357262548059225,0.435522905838342,0.425523115321994,4.59171319007874
2000,9,2.90014070512787,5.40904428191104,4.18285358646541,2.09351429978544,3.35384661271459,0.918599467192377,1.2285991024088,1.14056721646339,0.638574568750827,0.566541356074088,0.362353220202361,0.307357779312769,0.309345887321979,1.9174814022995
2000,10,0.914878532173127,1.28354481847818,0.972122485102233,0.68655867520329,1.49852915414583,0.373380912294299,0.279172532751175,0.246951766223425,0.241273072873347,0.29322361187822,0.229656231650234,0.199884708992828,0.211269263420585,0.835736623887594
2000,11,0.487434137612581,0.567881197251123,0.53423968454202,0.357857047766447,0.333311023172878,0.220742454807434,0.233825745579054,0.215477742122475,0.196309092393994,0.208871462817728,0.18595976228192,0.183216472790086,0.188948426373612,0.721137568778928
2000,12,0.653450322221033,0.861282980249774,0.534436325150088,0.423465843168681,0.301576549898494,0.214910588056378,0.244812698935616,0.242185823575279,0.220972295784386,0.218274446986836,0.21507086256552,0.226508223887026,0.232112226754251,0.726083548441529
2001,1,0.517202891764187,0.46579400862544,0.471813389338738,0.278359587584342,0.271672235344941,0.257830424421638,0.23217370630016,0.224268647164283,0.194207240932087,0.208333447222879,0.19428995613163,0.199389727157954,0.203810535327217,0.634984487048892
2001,2,0.443523879661117,0.516129197644406,0.487182176802769,0.311223205152925,0.308028168838333,0.208883717656136,0.220519325789615,0.247880413599268,0.228485749053532,0.190220762551184,0.217184790404591,0.188431241367696,0.184002571645573,0.522751182466994
2001,3,0.521305502951145,0.875931802295869,0.706301012355038,0.390077319954123,0.265690794835488,0.202345921972094,0.224104411679612,0.281627789668783,0.236149790018973,0.168754662282368,0.171907195237261,0.177209243883748,0.168009477518719,0.640925427792862
2001,4,0.592258178342984,0.387757328228425,0.241013902059773,0.281438845007316,0.34179656735311,0.260226236380769,0.19869386564408,0.195342224091291,0.185752817473122,0.186203839811119,0.143187531948847,0.151784090410679,0.130104981414203,0.480715084003239
2001,5,0.51621827352047,1.36531914681451,0.929664539348366,1.26635469653657,3.67498268283628,0.207903644566,0.194574841028134,0.220710185830465,0.180813274608401,0.469943314085345,0.165275370081266,0.182321771097606,0.16486873671677,0.761751108079214
2001,6,NA,NA,NA,5.16709424768175,3.94606895189659,NA,NA,0.285458713769913,0.247404236346483,2.78649882742992,0.254267974660314,0.351351586480935,0.203328420780599,NA
2001,7,NA,2.59789268970489,3.18059202690016,6.02645574963611,4.1647918199238,0.390612550079823,0.919227719306946,0.543203830364205,1.14437757929166,3.37033473565465,0.371033431881148,0.589864652863769,0.397131571481968,NA
2001,8,6.0143084526062,7.13268413543701,3.54835066908882,4.10603424559037,6.24297366327452,5.25069973203871,8.85898023843765,3.95767261467728,1.70819218400514,2.75421097910986,0.506496291101715,0.794913697701234,0.395593727257714,4.76436704813048
2001,9,4.69611183559991,6.2309957199863,6.6047029631405,4.15645692218095,3.1836827659961,1.39330971100199,1.56330414967878,1.45218105316162,1.45083214496744,4.18079848878267,0.28601608349113,0.421778907775879,0.249107475234912,1.69597699633968
2001,10,3.10531372390687,2.15611276449251,2.48522030959527,1.50396270147512,2.9287844096069,0.973597701131945,1.1961692465833,1.40698544308543,1.30208824037095,1.14456997291576,1.02018204013977,1.27177708720167,0.900004086119157,1.62499017472545
2001,11,1.05595999350771,1.10312213028064,1.06088238681356,0.760569207216131,0.846820388403204,0.44359952590522,0.495756584335361,0.318070711292459,0.251096576364083,0.399970995339416,0.362699108716299,0.2488592804889,0.206416484519575,1.22286422996957
2001,12,0.817238185038933,0.646160952624728,0.460779557128747,0.328055014872884,0.267585704172099,0.264177886339334,0.267967654844008,0.254670491232674,0.199863780267845,0.199218521633092,0.178496282569755,0.184975439892013,0.191043075813344,0.686496572899181
2002,1,0.548752670292743,0.679555385223319,0.58140340000391,0.382169002002769,0.358396048437465,0.242189054217564,0.248838384828624,0.23883830425302,0.214307761403936,0.24965199554813,0.219989857818248,0.18743174051392,0.199523025010464,0.690025121719889
2002,2,0.455131826922297,0.388879863697974,0.418964394853135,0.265562570907853,0.225787954303351,0.211669177081458,0.194657959969791,0.21834064729115,0.182535149289306,0.181891641056044,0.180318755863686,0.171250834003003,0.175615596083494,0.44477131471088
2002,3,0.346634982037358,0.344990416243672,0.408048343132524,0.271425942336763,0.26954767731103,0.194881835456431,0.190469749139611,0.191603477184589,0.170633219138405,0.162479080656576,0.167314164208237,0.150944109410929,0.150350112974996,0.386889369255405
2002,4,0.343647077324845,0.315819263596226,0.332791222725064,0.337417424676266,0.443746147677302,0.17495617455632,0.160027663564173,0.183163293590769,0.189677632133286,0.15073199942708,0.152421527201446,0.121924910672054,0.12356572731265,0.388117918773636
2002,5,0.344662041989741,0.898815422609288,0.477084476839412,0.486119774859825,2.09538082101128,0.157205219566822,0.167317293329626,0.145802336079734,0.161208057569133,0.271326086043946,0.141455110027848,0.157594909891486,0.142795964414199,0.336146132007941
2002,6,0.913476596275965,0.736724069000969,NA,0.958575662094004,5.02112626216628,0.210178343845265,0.279105764933122,0.222910673750771,0.239325087034065,0.938687762747017,0.154846901074052,0.199054925441742,0.182199680083801,0.495046008541419
2002,7,4.12272390860778,8.01238287412203,10.3074509420178,8.76506688143756,5.13886174286177,0.869003117996819,2.29399144649506,1.37211702377708,1.41859549090818,2.30588415368826,0.333520144991138,0.862587001125018,0.220251483940764,1.84198506058313
2002,8,4.35264870753655,5.81723740613349,5.33400416374207,7.52497044021701,16.6854595650909,NA,4.09134363929431,2.38687688308758,3.00195141633352,4.04116861477043,0.73605987071991,1.1864282708419,0.688503212706987,3.08761973513497
2002,9,3.39390856772661,4.14885498363464,4.59291283552312,3.22674535387227,4.25161006531932,1.80055477280589,1.80978029737106,1.49731058764034,0.534396329046001,0.694982360871065,0.453146885397166,0.238333066186961,0.351081889850148,2.20455286558402
2002,10,1.21408791542053,1.48271725288892,1.01446705374677,0.769219440629156,2.69748808375192,0.366655265619932,0.541776043235087,0.423146052748565,0.250683291635898,0.382800013904112,0.212360999760139,0.191822852748327,0.168470595678883,1.14378301055544
2002,11,0.691982535659805,0.984208713866707,0.763602799151914,0.546209168008396,0.401122154934066,0.239870189650524,0.263229964833174,0.251218898494433,0.194053254163626,0.188204074487884,0.144739309270706,0.144382943516363,0.129074277389332,0.554158304232168
2002,12,0.654080041917041,0.985254595102357,0.708609289219303,0.358230409068121,0.31653601527214,0.203929990441841,0.251022440001104,0.180621079615587,0.156873522866407,0.177477205822454,0.153557977027442,0.171710414999335,0.189229862929801,0.587134359398131
2003,1,0.794086373191279,0.983360429990639,0.775679833664794,0.412784651447745,0.223068937574357,0.162469494152069,0.207794351792336,0.159133572888374,0.146210684680939,0.169779463481903,0.148337657570839,0.156109444080637,0.152740332710743,1.0356606503073
2003,2,1.5206507506443,0.686144462963681,0.886645170697733,0.380908978581429,0.247758528867433,0.144651900625229,0.15312604162693,0.152587666723655,0.154243080536332,0.150065069007874,0.155283486340769,0.148022902112047,0.15399859183734,0.96368718279581
2003,3,0.500804572312842,0.904424990352133,1.34696620884023,0.4872886716253,0.40062184120553,0.167468148779869,0.200317540717125,0.197750555928196,0.149584280518393,0.171632568037452,0.158921821036538,0.135016291044318,0.124799128886192,0.457242073879231
2003,4,0.92109976003263,0.343376362831264,0.288466315868765,0.284746294419439,0.412579543430712,0.189773131282531,0.241113217874757,0.209188453975673,0.157985017284386,0.220784595598821,0.188851317884572,0.154761688239807,0.160208741220803,0.435681898602729
2003,5,1.70545323382568,2.24744053549913,1.11975692901409,0.373140290884648,0.419312503413264,0.23010102486504,0.194999022177233,0.214984056568637,0.186379427128825,0.260664081188286,0.153690678053352,0.162241340833738,0.145838104920087,1.8316864227141
2003,6,0.719454101826015,0.628664711917319,0.703927418789678,1.49650778602546,6.11496181684961,NA,0.251280985550204,0.237400774651928,0.314089161343873,0.910825176237553,0.168401226700206,0.189357849221733,0.202615256641495,0.434745744017545
2003,7,NA,NA,19.4854630231857,18.602555513382,4.50715700938795,NA,NA,NA,NA,4.06690891385078,NA,0.293717280030251,0.266003858966705,0.566113173961639
2003,8,0.962029792368412,5.30717685490847,7.7507990452708,23.407486578052,10.5636099559419,NA,0.536929376423359,0.605398017852033,0.256887111398909,5.93910363113338,0.204633570143155,0.640615344386209,0.195837862059182,NA
2003,9,4.16765785257695,5.70102700423299,6.54802641334311,4.24967148313873,8.01392963519291,1.02236835383674,1.27575927800383,1.42607131270479,0.369090847026414,1.43698972776748,0.309698141614596,0.253958753015914,0.256782845208343,2.26167254360599
2003,10,2.12361437516243,3.20435292156499,2.37983836699499,2.03410417273705,4.25352549037276,0.39255839704719,0.712019784328265,0.305091111497446,0.240531191006582,0.704838170099065,0.234080894531742,0.346969447150005,0.228314639354845,1.77416321364042
2003,11,1.68094036148654,1.5859389396317,1.87561772834687,0.869394619240466,0.6856394947089,0.264409999918938,0.363321829509735,0.315631348872185,0.278860746047054,0.322250160574913,0.25997727682912,0.310851357437548,0.287553946684182,2.13888396849167
2003,12,1.07981466198527,1.07696807355835,0.783131778689659,0.467140701546771,0.291231949178671,0.240992417860031,0.261360389018059,0.255677801418304,0.186647667384148,0.198612283229828,0.179289006376266,0.181046552157402,0.177608121681213,1.09193195991377
2004,1,0.877050428245312,1.37172576963175,0.895224593822346,0.506006110094342,0.426650626796552,0.202652527856827,0.209921993732452,0.197269430470467,0.185227265286446,0.231288209438324,0.161643755269051,0.184150689601898,0.171787523749743,0.629142921914432
2004,2,0.813648058205459,0.860803356334677,1.01773637395801,0.419423806761938,0.248084389295977,0.188627391815186,0.225473275455909,0.172204929685593,0.154867453848137,0.165842679639657,0.152172687140415,0.155142512589523,0.161713356907303,0.677771077053347
2004,3,0.647756971703593,0.934978165420504,1.08641639987388,0.484499041766536,0.240767761330674,0.146569986517231,0.189465322725627,0.174382225322723,0.164403402924538,0.148021716880798,0.150713244891167,0.150499767573868,0.150298511919374,0.36563293816877
2004,4,0.493308724479361,0.986109590018863,0.804089315397976,0.587687153660466,0.546860124868078,0.169927437168856,0.18544322772859,0.184589513392589,0.186929256752529,0.160940563866223,0.151482637081018,0.156874719242549,0.146869061811679,0.534015754973715
2004,5,2.68020826807389,1.00906154699624,1.8017324406897,3.23572621067416,4.40442363849578,0.499386605361234,0.226936636377225,0.628008616863522,0.273652189448476,1.6942829097787,0.361756763377115,0.176875705987799,0.219142783574156,0.527117995661683
2004,6,0.739547548669108,NA,NA,2.39632418751717,6.40222186612941,0.261489200592041,NA,0.181784400343895,0.221260423130459,2.31224627888972,0.182465917042767,0.281571256739846,0.175721963291818,0.95720568722622
2004,7,NA,6.79269234339396,16.8021801067435,9.52302841993346,12.9178950167687,NA,0.893914210796356,2.94733274917977,1.45796286020168,6.14733002807053,0.358710975586614,1.94807731245924,0.342034381102113,NA
2004,8,3.23714564243952,10.1404919359419,15.0746566227504,17.1872223218282,12.8603226463,1.64584464629491,7.3966321035217,7.17377151372612,0.484144247804128,16.1566504056637,0.200878602815858,0.595604803413153,0.268025417278693,NA
2004,9,4.91476376915197,13.9497932742164,15.5709609107942,6.67291610576641,13.2774066934488,2.15061455645423,7.18436878398061,12.93563649758,3.69062867381639,5.95879705879709,0.668995692592227,1.11141980277668,0.305140210708161,2.47318547293202
2004,10,1.3906767476836,1.98623657173479,1.8453007228122,1.21788890365901,2.41606249690056,0.620932011337887,0.291027732157007,0.26596751814442,0.222698770770327,0.479878518511267,0.305556706222919,0.258623266786718,0.208345837491964,1.60229602946442
2004,11,1.62138837913417,1.34038030696147,1.18560900603548,0.554133011725704,0.376772309653461,0.197309479784966,0.248351324605942,0.248866899180412,0.170448399903411,0.253240481948853,0.168915298414688,0.214235791927062,0.243872948967362,1.48817874566193
2004,12,1.41152975118541,1.48221121817542,1.2613582007449,0.524500249506673,0.258736749235381,0.170119889426231,0.19576999707222,0.278695579051971,0.190757889914513,0.173794851279259,0.17922509932518,0.165916555166245,0.178940246343613,1.25958506601086
2005,1,0.80940952063508,0.890958385656448,0.810221022374624,0.427725693419546,0.211027431118692,0.171308936047554,0.175105298829079,0.160528043380533,0.167974509000778,0.165260084867477,0.15863629989326,0.16453983595237,0.159634678862259,1.71368658672798
2005,2,0.766734352001013,0.994423783868909,0.935464063390743,0.491230998933315,0.227178424468696,0.16081795809269,0.151121960282326,0.153502870845795,0.154628855991364,0.147257696032524,0.15217830414772,0.149637694501877,0.151027371454239,1.08765811392749
2005,3,0.7043347647353,0.861905436399506,0.742946420371675,0.590629480082993,0.382905177013603,0.154481838226318,0.150906119894981,0.150926843118668,0.139598514036968,0.14532200833559,0.144703779101372,0.13511214392227,0.138973458349823,0.730101516825143
2005,4,0.691540005816266,1.02346853889963,0.688588442042541,0.461691671351748,0.455123620584261,0.231180606691061,0.229264127348587,0.215087950842357,0.19785690584626,0.190942812729534,0.141331192127296,0.176644666385567,0.132187380414942,0.510656953654216
2005,5,1.37643469438082,2.63143203304512,1.73634293356112,0.469066943818082,0.710600365698338,0.172744666310874,0.198617455480914,0.168752636635703,0.155700412847228,0.21776710502934,0.161705537020561,0.149134673442193,0.146718659456454,1.13671651713022
2005,6,0.406089191325009,0.540788819579637,1.41013073596435,2.49620664486142,7.04247901915164,0.173712055188614,0.226438407425679,0.333063162707571,1.56550319574022,1.3969970271889,0.619839170789407,0.969419592820062,0.486112165188639,0.303884816861578
2005,7,2.15548371853708,2.91586023878742,4.01021675327245,2.92641468929627,12.2266943497169,0.324517355330529,1.21472727743034,1.35059261859109,0.600893772038074,3.25257449011834,0.294396013698795,1.92519746627425,0.758094978698513,1.79850907027047
2005,8,5.86693378857204,5.11521283720113,4.0868740250335,8.3188599361976,6.91087628309278,0.5922838250796,1.65710163640009,0.402806519214802,0.631667648592303,3.39626771459977,0.340262724761514,0.393075412175535,0.469056412400761,4.42550354292543
2005,9,3.50674415712106,5.60477769496845,5.81976040082182,6.09964591796909,12.5693238433748,1.1346810210241,1.11550098756602,0.921648918097554,2.82878092704623,2.04592620065579,0.372119961373777,1.94560037636095,0.390498779464367,1.95637011767556
2005,10,3.99340415020522,18.2656917094688,10.9015648163901,2.77707924027629,6.95625201912804,0.374798411036722,1.82942641752077,0.582886949331067,0.500017441479506,0.659984596947461,0.302472199630106,0.616048123365567,0.443263250702394,1.64353150418907
2005,11,1.96980815179058,3.23029599340565,2.01163082507749,1.36422536228088,0.489804249425088,0.322553328180313,0.376810403974251,0.584416718736879,0.382645206853717,0.435149548567219,0.258975655476818,0.441445655270976,0.264737381522233,1.52408543128456
2005,12,1.4102347460764,1.44463100049151,0.859993160585043,0.449496621317543,0.460373235527765,0.280587332558632,0.273787423753738,0.23724923210144,0.221667043542862,0.244934867143631,0.220613790559769,0.240569316720963,0.254252804732323,1.82318675844822
2006,1,0.635121168167606,0.965701372753516,0.670007176275523,0.360955181054947,0.360943220152475,0.218875036883354,0.221222159957886,0.218914991879463,0.238033465695381,0.246858433556557,0.259528935837746,0.249698915314674,0.257420395421982,0.982923369800797
2006,2,0.607314165267679,1.14104620692242,0.862273961305618,0.416555342950615,0.311217267220542,0.184663574290276,0.202041502642632,0.18439657099247,0.175588395023346,0.18622566242218,0.177161369729042,0.184104454112053,0.185027595305443,0.552968235174743
2006,3,0.729726040940131,0.962347579535608,0.658813869585051,0.527921694104034,0.367771160496763,0.152938944101334,0.159641422486305,0.162311298823357,0.155312650806859,0.168631796741486,0.15259866612263,0.1531298210501,0.150563656987912,0.498205259347547
2006,4,0.238898402452469,0.236913832525412,0.781766376437101,0.484468218725445,0.496486259554433,0.119244357837098,0.152797270694683,0.157950045032935,0.145279635097424,0.171125456338515,0.141349705953558,0.124313485390412,0.133095073884741,0.298046752996452
2006,5,0.637782407157561,1.07754060273108,2.20561312860058,1.44443416825363,1.03503142387434,0.151229627430439,0.154205833872159,NA,0.238258859940938,0.414335266408259,0.140183748677373,0.14474619197291,0.136983935493434,0.444807927573891
2006,6,0.773995083589584,1.30035997258678,1.62587663158774,2.08509616630669,6.96359940748904,0.1826999325345,0.201303635031367,0.200485553693127,0.176747572357106,0.922227415596209,0.142343655839318,0.159343468613345,0.140580325880471,0.535022314802416
2006,7,NA,NA,NA,16.1250694131338,8.62797958826461,NA,NA,NA,NA,9.82903309296007,NA,0.302294429214228,0.129098497331142,NA
2006,8,NA,9.25414724453636,13.2100193905242,8.68476492905802,7.95632953184388,0.419035614683078,0.523627261752668,0.523988394360793,0.908901550379512,3.15055857642609,0.372314156538033,0.715705900484075,0.294572531988349,NA
2006,9,5.93610291282336,5.7059516676151,6.49213166394945,2.03907057642937,10.3817274665926,0.443792062811553,2.99166327370724,1.68456274430967,0.440473322282758,0.481252209553795,0.342586035888837,0.219573554433422,0.308503496302228,2.23721058834727
2006,10,1.06395651457771,1.20281236256247,1.40751072381224,1.14130664140227,2.95422831046106,0.38192499210421,0.280832652630431,0.237570713410775,0.202256578107881,0.258086051387446,0.176872526459834,0.157128164763224,0.181825680251899,0.886194419036373
2006,11,1.3803181431105,0.859206479730652,0.782684254930133,0.474524389079306,0.637379081674984,0.174878756403923,0.165391215715623,0.183587380852856,0.146651848863175,0.217362293045276,0.126900854987113,0.149343005569117,0.134357349494019,0.694495510012452
2006,12,0.695478638796918,1.06187794503698,1.21782740798461,0.484767401137082,0.266276309366942,0.144870470452309,0.1543564016819,0.242089182281494,0.158005745768547,0.161975839710236,0.170168152046204,0.152459180736542,0.154367139670425,0.845717341260923
2007,1,1.01425922906145,0.82247531966587,0.760843497901947,0.41420275089104,0.247554579453374,0.148339789714349,0.146744180785779,0.181390753316879,0.168044138073921,0.169858308792114,0.147749379767234,0.160215976047516,0.159714876650236,1.04049891713975
2007,2,0.538024514594476,0.800116746321968,0.779465758604623,0.365974598818537,0.285511758914991,0.140585017824173,0.143392424106598,0.155127915287018,0.148024612736702,0.150152158546448,0.153789113759995,0.150555372595787,0.154953577446938,0.963452828790654
2007,3,0.762104886528264,0.656464807290052,0.251752036117332,0.160239845493369,0.201937099724873,0.139143285170502,0.166754738811184,0.152618238504435,0.143373538200793,0.144908285399122,0.139020689433873,0.141662670422326,0.14070313937223,0.703514085097354
2007,4,0.311360830277727,0.403426891629185,0.398237684255914,0.383869860447188,0.269638925056527,0.150793585586045,0.183750118094462,0.145617736776254,0.138730223247042,0.13638993026457,0.133982794249759,0.12485633701594,0.127557951796055,0.358539469739688
2007,5,0.518092963408687,1.05011207121077,0.678819746318935,0.798029041179178,1.21716505570232,0.173124081564544,0.156946957979387,0.150929695272699,0.139172435495895,0.243893367090568,0.134563917664165,0.142601150003347,0.138297088418761,0.52720719151126
2007,6,0.235129499888938,0.603786868111389,0.825571611897493,2.01531555723148,3.4256883216729,0.139319230843647,0.149576667388645,0.162191445182908,0.170005477465612,0.245378857501724,0.150246219767123,0.145428286883675,0.142451929801029,0.416701295835211
2007,7,NA,NA,NA,11.5190140683696,34.4674612240826,NA,NA,NA,2.06964865128199,20.2665279315125,NA,0.898436706873678,0.150869795680046,1.75530251829575
2007,8,0.979304740428925,10.3254205977836,2.29824351913789,2.02560423811277,2.34160685734214,0.520712144318081,0.421063601970673,1.80156511695761,0.691954239982146,1.3296516340971,0.361523207628502,0.221060897707939,0.162233076634861,0.395729005336761
2007,9,0.907153086115917,3.22727656404534,5.92381797899905,4.12922545813077,8.23365028260515,0.63249787060838,0.553031962347257,0.5158784553177,0.239557139032724,1.8400960687442,0.410415222402662,0.175284295889639,0.177279047597022,2.18674432876197
2007,10,1.25666856987876,1.28824387609959,1.71601181576051,1.4564467514247,1.5693682641088,0.252532766839581,0.329889022888472,0.457952684382113,0.376560799379385,0.39371996614066,0.343331143219729,0.186473482662455,0.131756034839505,0.808218699520387
2007,11,1.1251010408343,0.901529609401157,0.754763257031463,0.38329350369677,0.301220517020959,0.220194476675987,0.228644800019264,0.238472513747215,0.188604844662432,0.21699130423069,0.160508004927635,0.188120706997388,0.157464437162684,0.765174622339272
2007,12,0.929279753966118,0.943579314641975,0.793346045085006,0.363260895276256,0.337592123779508,0.184760110473633,0.223258353662491,0.231906307435036,0.207735905694962,0.236953223991394,0.192599959921837,0.220633407878876,0.232545235767387,0.742390618012065
2008,1,0.882998191486014,1.00100412914673,0.797093452544334,0.410557039518608,0.311739755152298,0.18805538713932,0.207213753890991,0.173758647823334,0.161279945468903,0.198218724727631,0.162983129358292,0.193340406084061,0.207437704157829,0.735631454457736
2008,2,0.784871478411167,1.26017865659715,0.61659020161789,0.442293130782915,0.270357487853183,0.166651233625412,0.201582658592592,0.172577384986944,0.169389392071553,0.158289221589294,0.154797909562389,0.150121733224938,0.167083549513944,0.678511047497575
2008,3,0.569275576752006,0.615657978521618,0.588474425300075,0.377923607369774,0.275535237816003,0.161242987275124,0.160584356412412,0.151636275105345,0.153610900209399,0.16886279961705,0.161342740071014,0.163041314995289,0.143890197584896,0.419520561262721
2008,4,0.350346658153822,0.607172572698357,0.381505853507767,0.43634402892839,0.320101470096747,0.160886278473663,0.189886739291251,0.162136171495213,0.170710694115117,0.167863900095173,0.179027976225252,0.140813500289955,0.136743937600911,0.440562927363153
2008,5,0.515980854800446,0.741669936841275,0.684708623875417,0.816798699981704,0.746837010370434,0.17347635851512,0.208732111826955,0.265252909052961,0.331971251893611,0.321159366691528,0.264966739002372,0.244271532678213,0.251094669740843,0.75026804000554
2008,6,0.496215726257464,NA,NA,0.611972181236043,5.6280956254449,0.228395563387682,NA,NA,NA,0.417497782243623,NA,0.201249777442879,0.177104251459241,0.472279561116145
2008,7,NA,1.71807751059532,NA,29.2457294914781,12.2188002772109,NA,NA,NA,NA,12.7664959779941,NA,0.254366010427475,NA,NA
2008,8,7.60564289856883,5.8422357071095,4.26553030268234,3.09315929235506,11.4399958141409,0.569876998662949,1.87983669982693,0.651060292333887,1.10824322903237,1.55619631464384,NA,0.581485271453857,0.236867502331734,5.72295938934599
2008,9,3.21426248288494,2.76570916518219,2.16121169909785,2.34848814795415,6.70395857164282,0.444625217520015,0.363448878736805,0.247685691010923,0.439403127517019,0.608979407365422,0.209530351165765,0.211411705357023,0.232625565741743,2.64810583622137
2008,10,1.51198406632636,2.09681115912067,1.46240502830595,1.34710565289058,0.780040890154754,0.27496866628262,0.239170498355409,0.255363049069111,0.168869698671347,0.503957610487938,0.205720213775145,0.157143854618073,0.174159070658684,1.66238868511575
2008,11,0.786199708723591,0.427996456210303,0.383226947552229,0.37058921355867,0.610820225197257,0.198776847969454,0.165420348130699,0.155421234268608,0.139977572042318,0.151216574079051,0.136801324015212,0.142041982958714,0.142470614208529,1.31284357967142
2008,12,0.765856865673811,0.835054027883766,0.528068126984687,0.32770587282721,0.337181353010237,0.158998050951958,0.168595732784271,0.16906511015892,0.169638473510742,0.20035246732235,0.149240027815347,0.181689607409331,0.150257984026548,0.903469607355588
2009,1,0.811572136687063,0.862468707690136,0.737682198945718,0.406892353232251,0.297032648333409,0.196048569464684,0.181638129901886,0.182825768041611,0.171996075153351,0.200341864323616,0.174841441345215,0.194180566287041,0.183233407998085,0.649113582155553
2009,2,0.586881668898074,0.300847415308483,0.496970215857317,0.303066728843583,0.246852633453185,0.218185828749631,0.167573961325451,0.159018332743334,0.156122175610065,0.152283451604843,0.145094325798855,0.151443465152416,0.148110618087629,0.541211500362949
2009,3,0.344271899234237,0.379170387213236,0.33125690002032,0.364465109458064,0.26311987016857,0.17270801422596,0.227932051086426,0.217595222395591,0.167890501584833,0.159317791986465,0.183825753114487,0.12444942857934,0.138299511556319,0.354556115325828
2009,4,0.189259875565767,0.340922541302793,0.308011753064521,0.336895608888849,0.418512971977806,0.223241317678582,0.235354621862543,0.171680421398041,0.167147372233666,0.232039946133905,0.179556034547942,0.201227578947432,0.199231160380286,NA
2009,5,0.537598587037204,1.41150271956639,0.807717472314835,1.14262197169032,6.95118129856884,0.152390587661001,0.253564175645353,0.262614755363731,0.260708661095516,0.307635238678148,0.158023574092287,0.195053704669626,0.157041364158672,0.734306680720027
2009,6,0.549461811387314,0.81888827915621,0.835800937177606,1.26129886037425,3.44593342309033,0.150826390047512,0.239136912174277,0.290859670237458,0.316490515597223,0.796930572616214,0.156644880043136,0.228247985171109,0.15309910734198,0.463629201958557
2009,7,NA,NA,14.9793224652608,6.07979913552602,17.6952452854026,NA,NA,7.74178957939148,1.1715753475825,7.89665740599271,0.370053177530115,1.67848455976719,0.318975535407662,NA
2009,8,5.57073099233887,5.52653152904203,4.44748002729533,4.23319250004632,12.1626642985936,0.410381001441978,0.892811238765717,1.97290604371651,1.83672885855311,2.64608103655759,0.235356537931001,2.13359501921987,0.282649850100279,2.74478495121002
2009,9,2.01863901104246,2.76438199679057,5.07336497608619,9.94676073332026,7.28753545496361,0.728578552934859,1.29484780020224,1.25918210061585,0.582723367971087,2.35377371590921,0.561613760558905,0.525053294316219,0.26888399477299,1.64363516124792
2009,10,3.03009887361447,5.36949624669167,7.27794300007077,8.6250317361858,11.5758143229918,1.91064026299864,3.13247908224302,2.35460165307584,0.764478923298243,4.17318050803845,1.10179028514201,0.378879721876885,0.249492692006858,3.81597386676813
2009,11,1.935797063395,2.0240242862759,2.20627307917836,0.869698477734346,3.12386160461978,0.366210343933105,0.593827923738822,0.470081168571277,0.260451856092131,1.90848747276093,0.270888923373362,0.856844586162072,0.576871574340092,2.08906126076599
2009,12,1.67096175262943,2.55695637852901,4.18609672106838,0.882590949683788,0.61190616509869,0.197605110692978,0.210240064048767,0.266048033857346,0.167135621650495,0.20889173605442,0.187379350981269,0.198931669930414,0.235684878914809,1.19877541487675
2010,1,0.718611436453201,0.723007541332467,0.678160127164063,0.455494193261405,0.290653788476581,0.166966963195801,0.169595177841187,0.201651248073578,0.16441681395086,0.17108354883194,0.165430291223526,0.167489458675916,0.190021421124295,1.06826268811003
2010,2,0.489403805925757,0.502546981645938,0.580204778375695,0.356495377320198,0.18832690186452,0.1516537358284,0.15283585922718,0.17654867374897,0.149109993852146,0.160007385647297,0.155255752378958,0.166512015834451,0.158841775461314,0.667767684889773
2010,3,0.438062115501685,0.540356389968596,0.326339847910467,0.297778537713314,0.327776363487341,0.152736320460247,0.141693021157678,0.145820105576515,0.146941266329058,0.152861602890491,0.146071447578331,0.150387226834017,0.148977331990756,0.439376980776125
2010,4,0.469331835333566,0.306130199924411,0.497088195178016,0.487548867608703,0.346064294967524,0.293454799056053,0.231923332541353,0.238432696379803,0.132650802209136,0.188452140676975,0.129623500572052,0.121426988940512,0.117102288795369,1.07831040791986
2010,5,0.578721554266124,0.89574439349739,0.512445971369743,0.201435496179121,0.21828700610066,0.201512476506953,0.16349009259976,0.201329816577085,0.139816945149201,0.146626247815084,0.110884976236085,0.113734319473255,0.102745387831639,0.895474321831281
2010,6,2.03874990675184,1.72296621219108,0.725074130033261,5.31187897974306,8.22770454746517,NA,0.756249804877573,0.379155765123227,0.196334215355854,5.55683088941233,0.159851444264253,0.210255498066545,0.149484167496363,3.00148901673763
2010,7,2.20824248024396,1.65584380869512,1.20370977101745,3.37143706236637,11.0299013723887,0.288637229664759,2.05262953937054,0.595886768989785,2.35647347681927,8.36416585873003,0.302731049060822,1.93167304668738,0.13016826659441,0.248345494270325
2010,8,NA,14.5952249678833,8.18070900099618,22.5928950560163,23.1930616301062,NA,2.43186304625124,9.34163107897924,2.02751784893599,21.7719366376913,0.711856319385321,0.451283052144759,0.339651976753999,3.67500356365653
2010,9,3.18977083156263,4.33278582555702,7.07264186337089,5.20969000251663,13.8660378280934,1.3974690473563,2.29379281526018,2.51942292652347,2.42874652730922,2.41101507075717,0.479839346538025,0.618007121132869,0.193547122520313,1.95188338856026
2010,10,1.8477303997711,2.22536871628836,2.45661090534241,1.83430994367534,9.18303651687426,0.593537344715284,0.622951387772153,0.610590917275364,0.412453124805903,0.73078881638604,0.424187599868822,0.40405869125345,0.593812155199272,1.65279958710142
2010,11,1.27161566054795,1.27794151538756,1.17729384536106,0.790982975102053,0.625578343685978,0.269936774611473,0.33063613448143,0.405563855772057,0.29899712006251,0.339182893891073,0.256390632862111,0.32523243055276,0.293805260889448,0.955939595634075
2010,12,0.672079560402622,0.602402556607192,0.701778639063699,0.746796225962298,4.19071518591524,0.242847310733795,0.31180914773941,0.218669406366348,0.196346730618708,0.27506987738571,0.214106733719699,0.254048505616188,0.299877968621254,0.814307078024336
2011,1,0.78770925451675,0.990161419416276,0.876798464537219,0.477660837117583,0.326633743453569,0.221108912181854,0.197419091200829,0.175336124992371,0.180167457795143,0.168603481674194,0.175366259630649,0.18297056825161,0.208680297968024,0.739065984511807
2011,2,0.669236495994545,0.670193815058138,0.798283921255098,0.573093763973615,0.287633976323313,0.212630465435982,0.189616785526276,0.194806213872152,0.197605045493504,0.191019809806347,0.184087230136958,0.164008043383519,0.170649074464795,0.682220733191503
2011,3,0.732539537697385,0.539188199234134,0.650785170626222,0.475739078155692,0.287692883892394,0.187169015803558,0.17890816321373,0.183142483305931,0.178304139184952,0.191098992063419,0.173467232036591,0.176870287772344,0.184576667105669,0.44748770497852
2011,4,0.221723136238076,0.311922833391211,0.517636729445318,0.439782542002154,0.295203794852946,0.159653975010923,0.147527942420553,0.215632182175079,0.188812166720678,0.15755273840284,0.194773716682738,0.1727875929858,0.142789851469653,0.716616536611098
2011,5,0.424837691470599,7.19598487258373,4.92811891948109,0.339359049201012,4.77050879037925,0.14938933835239,0.190431780850661,0.235754305555632,0.16079657710162,0.434986937480668,0.142440524766612,0.137937328804817,0.137040640804374,3.28221236697325
2011,6,NA,0.727159244939685,0.818458976969123,9.10975091202535,9.06720715748056,0.210700005292892,0.206665141241891,0.267218999564648,0.191303000563667,3.8316496898388,0.132195728746327,0.1513275165231,0.147123280465603,0.292581554415614
2011,7,NA,4.61559051275253,21.6691316257824,NA,19.114630257483,0.195488389629822,NA,NA,0.914332550334728,5.86760092047708,0.306084117727486,4.21058488198833,0.258744341156161,0.177178165809376
2011,8,NA,NA,14.5000131313617,2.45949597366704,3.42953842878342,NA,NA,0.300316989421844,0.927486474023146,1.73676252905774,0.221616998314857,0.762665745157462,0.193032835920652,NA
2011,9,4.11670386165287,5.17050486988855,6.1321481352606,5.56234248014663,5.03025024725745,0.439265877958767,0.909787753758146,1.00515754113779,1.8920919125839,1.40420437383292,0.219700435594637,0.211408708597083,0.247306451241496,1.60381934542963
2011,10,3.45442024225479,5.26650458092199,7.6165813232697,4.81298174034147,2.58108972128994,0.419311550545692,1.3265019564903,1.34499585902499,4.42951618995537,2.46722390845015,0.260178700433139,0.460732217921783,0.147261788367455,1.33330684831669
2011,11,2.61847659299134,1.45431390743197,1.49853000936743,0.850672423648905,0.666871524875961,0.253454995059967,0.185182537661562,0.1940255022645,0.1290517153991,0.118520500030942,0.133668277151336,0.111266647310307,0.105842442452311,1.85763766801406
2011,12,0.906794852145175,0.831274732410048,0.566965916439107,0.336185883490309,0.19516304455723,0.148907684731483,0.181448944401741,0.162301500844955,0.140625085474038,0.147573288580115,0.13996528769157,0.13081504921255,0.14266389411788,1.09160747814303
2012,1,0.708749496667036,1.14367624853916,0.68439617934921,0.420452712976839,0.362792871022157,0.146580987286568,0.185878441524506,0.161159651279449,0.182321171236038,0.177597103953362,0.161290407896042,0.157962313699722,0.154502166438103,1.0431736062648
2012,2,0.776130601057205,0.840777903579804,0.639496041820363,0.351383793008585,0.242521463564489,0.142786008095741,0.167557305312157,0.149861764764786,0.148816670501232,0.145766496922701,0.145847921514511,0.138565710258484,0.146337117040806,0.842290538509941
2012,3,0.178419136607707,NA,0.254197872243822,0.231876209798981,0.201755172326121,0.138395981637986,0.145964995026588,0.138093923146908,0.158129120578191,0.146687542620875,0.100065000355244,0.138422224575128,0.143779221951725,0.699828530698364
2012,4,0.271323153652402,0.236327932511707,0.344949058164804,0.211336527103266,0.246551583581052,0.131890519140049,0.148928124024424,0.11577838395309,0.123569996514802,0.146938519466178,0.107237857300788,0.107911666940855,0.093048182746736,0.156170481033908
2012,5,0.251756065314816,NA,NA,NA,2.44803090004817,0.133239671365539,0.145167444568838,0.2226871997118,0.153017483305099,0.153200186248727,0.141178251874304,0.147992391023457,0.132125942175053,0.519574480783029
2012,6,1.45292526954099,5.1510963207538,2.23190731537051,2.19159862730238,16.7064079904556,0.242971428879746,0.281241334246836,0.373317488544696,0.288726556874718,1.35294110467146,0.232353378400624,0.30060274009945,0.174702111217711,0.353126427294716
2012,7,5.98793530464172,4.97018766403198,8.6740404023574,10.5714575041774,9.21644157873157,0.277831399440765,2.63599556684494,1.18817665325157,0.569818225474312,1.60789704452956,0.191092368097682,0.188294761107582,0.164367690918938,1.7670461833477
2012,8,3.33283129131252,2.19258912855929,19.9277153015137,6.79424191310125,5.73030519334097,0.306551045314832,0.846989766639822,0.517094914045968,0.328182122286628,3.52137738763714,0.247518478564813,0.271500675954093,0.150859126787539,1.95285481836485
2012,9,2.94797114508097,1.96653992640522,2.96957976502531,1.67918437007401,1.1376092096477,0.552270837558004,0.629790249300617,0.584031016203283,0.361837012025545,0.436758731466073,0.242186649346893,0.288126690397537,0.147774290793867,1.22649263964117
2012,10,0.57427235697785,0.881083963807128,1.04155090659498,1.79845663983214,3.34779126099352,0.238569126476567,0.228886921008761,0.218604468598085,0.194494862137538,0.68942409571555,0.250152065493595,0.162478101256254,0.185212242620108,0.75392507478308
2012,11,1.14876395686349,0.980490007627647,0.966860210457882,0.700866687681415,1.16505141739181,0.151883759903908,0.169879100966454,0.176335558390617,0.150966622495651,0.158117895130806,0.134124657618999,0.14181155916781,0.129235742330551,0.589101694667437
2012,12,0.800560155419804,0.768557056965031,0.712973321362327,0.363157580775304,0.223796581257285,0.15214620013237,0.167663489246368,0.181690184521675,0.143509151455961,0.159041647911072,0.147564569969311,0.151421950485271,0.145175989163851,0.653993932305686
2013,1,0.558762979501092,0.957937771753727,0.838229603218368,0.414554475137265,0.297869803261893,0.164776150393486,0.184470851063728,0.17850359952361,0.145066298432087,0.180517425775528,0.137621355465693,0.167231479821106,0.161319560849255,0.787219589661289
2013,2,0.515173424137842,0.419914644937845,0.364580755836272,0.376173798397388,0.246882228936468,0.180569476238927,0.182691050134268,0.156012476610087,0.150914704196217,0.176063278055191,0.140326748178764,0.162724925604036,0.146794716101865,0.596457028125167
2013,3,0.488546422515322,0.322556994903164,0.379311518594224,0.209666613979559,0.231968538910612,0.226163658720212,0.214990199064416,0.183959352980805,0.180107271729164,0.167942974916441,0.177214397520323,0.14841392179369,0.161340408006476,0.557324619674749
2013,4,0.919698320785347,0.613875328452437,0.62369867325153,0.896182597721394,0.668272911923092,0.290250773841392,0.291613883012301,0.337109132462906,0.321305271325537,0.335260101764555,0.297358829750974,0.327586316516702,0.298461026698351,0.673829749717143
2013,5,1.77239234958376,4.86106196442328,NA,1.2410358704151,2.56147474863312,0.162156000733376,0.246030807887253,NA,0.273210240774844,0.328582726935349,0.15620611599385,0.167733522447487,0.169223956562377,0.261771085587415
2013,6,0.579838790391621,0.584590999616517,3.05027987865301,6.44457814216614,30.0006432056427,NA,0.327532112598419,0.139673638072881,0.244451282279832,2.42530314968182,NA,0.275696299672127,0.310532153728082,NA
2013,7,NA,9.58402384652032,8.71819196576658,1.58973573383532,4.0435432434082,NA,0.570175956501517,1.18056337287029,0.798139512807399,1.71661473035812,0.280814761279995,0.283059718203731,0.277790148556232,NA
2013,8,3.77858762791816,2.13898017406464,4.05992208751472,7.24448000772359,14.8122638918546,0.5227652920617,1.10803231664679,4.82397485905745,6.12991534189065,6.65574843741925,0.310388461845677,0.744778609938092,0.204681159011901,0.945110140278696
2013,9,5.21647667389771,4.15432453799446,5.82762399870596,6.97757552460183,9.96890191488099,8.02040027007989,4.04116945725585,3.91702033934507,0.263010816276073,2.54997565373778,0.882202127503689,0.330198006187716,0.478521182059737,3.92149957614567
2013,10,1.96199615230927,3.08896240934121,2.34457254192255,2.74901758662292,2.45817890504132,0.361283772093866,0.471094469415761,0.388064717979727,0.498327499418051,0.518641642508683,0.292064972503765,0.213200398614161,0.224381724405415,1.29188851997795
2013,11,1.17582301367401,1.09364475193198,0.6911770166269,0.602418795297636,1.16101416306836,0.209877291861405,0.217252008141681,0.20086903345417,0.212454590857973,0.387977387792418,0.167791430940376,0.228917819449997,0.172379359957718,2.58359157013958
2013,12,0.938356902633796,0.653787681044867,0.729931205372155,0.504800962797535,0.273317598998547,0.155252825927734,0.15841110098362,0.185080646467209,0.178253695368767,0.183974286174774,0.168762927510819,0.203732213243144,0.199616003465652,1.12696122360909
2014,1,0.88157476097857,0.693946395481154,0.754195575815875,0.412466707468033,0.21894955622188,0.269266348783535,0.188228361975791,0.237033112647416,0.177250331711769,0.167182532835007,0.18883602450987,0.184637872004509,0.193745423286319,0.94579869155713
2014,2,0.713536750935581,0.7496448343291,0.733990999160113,0.457040625547662,0.21538319502558,0.176621317005157,0.169974647808075,0.174563558506966,0.167512351989746,0.164186807847023,0.159276925233993,0.152928229933917,0.159519321116001,0.757357475042451
2014,3,0.574023324302781,0.550896768615796,0.607063700395506,0.380129359961753,0.194763477340206,0.162873670482635,0.152409811377525,0.160540147352219,0.145409302639961,0.151779788970947,0.145788396325182,0.148230454540253,0.150734550591948,0.534606121629341
2014,4,0.263969373654544,0.207521038312538,0.669343493322828,0.638225246231563,0.215171272944973,0.253595154536398,0.147645715446699,0.149076920747757,0.136312663919859,0.143772045118174,0.135685222016441,0.145037209242582,0.137853850402049,0.617733682050473
2014,5,0.733544049281362,0.995702644911679,0.434228750014747,0.405091884698886,2.58305138942538,0.188248650822942,0.202482309958614,0.187727833078021,0.1828492098733,0.248973554731852,0.14350770247537,0.154481583464462,0.151091196522361,0.748987825933625
2014,6,NA,NA,NA,10.7459817568758,17.8798064227198,NA,NA,NA,0.164819215826782,3.70594199194628,0.149040440266783,0.15477616995573,0.147646615902583,0.167677865053217
2014,7,NA,9.96277411778768,14.1762185838987,20.6555611268438,7.53713605588086,NA,NA,0.245684891939163,2.64944044539803,6.43467134346057,NA,1.34604419624969,0.195686016529799,NA
2014,8,6.2396527855627,8.55405841029871,3.41860471206084,4.02927426748223,1.87482782204946,0.325276369228959,1.59637500211596,0.621947982329495,0.573893880041746,0.486883417811505,0.255894335994014,0.387486146220678,0.255665867831666,4.27811889306153
2014,9,4.91818013742977,4.57217702782896,3.86341490376768,3.19667179190296,3.75073101317222,0.47458619872729,1.3257046266419,0.55177677352039,0.406855005912715,1.53520112800972,0.336827643810751,0.245551578061921,0.217502660127388,1.55359744305806
2014,10,1.47921798277963,1.56426322982234,1.01294971049401,0.651453889733806,0.908095986582339,0.330799546201516,0.317652559657507,0.276638580899294,0.374162390517044,0.284884708605415,0.191792747471482,0.218481169989969,0.201356597848841,1.06146018911504
2014,11,0.913661757575684,0.581001380789309,0.657179832241278,0.357608856682066,0.263610572525949,0.180133441918963,0.211555861220826,0.204432837809909,0.182289676119884,0.18251959507664,0.175588199438957,0.16437347013821,0.148309838178197,0.645024565936829
2014,12,1.45600242143183,0.783807793964919,0.615426172272148,0.357544125740487,0.270240061785564,0.152197266435623,0.158692860324903,0.190190287522811,0.152978476700412,0.164767378825793,0.151770074097182,0.156714933603231,0.173059844741261,0.7727257535126
2015,1,0.730641875847066,0.774028415377046,0.8101097119088,0.532453492879868,0.331966043574284,0.157572155380249,0.16133302257061,0.158265409564972,0.160925874114037,0.181830564975739,0.147765611422062,0.171648183989525,0.169220519757271,0.879833491697432
2015,2,0.515900330656991,0.57853722230099,0.689887125061918,0.423877885323444,0.235645546979917,0.151472078323364,0.168284549379349,0.175476530706882,0.1738487616539,0.17441565087698,0.218534608705877,0.179715283967385,0.178247428250313,0.668326013725672
2015,3,0.362823927051441,0.401496060442126,0.398067288511663,0.32882830363547,0.230891784950465,0.140042281449813,0.145361780552776,0.152517918829281,0.142272229887833,0.144943964934349,0.140467617417807,0.144552459237368,0.144124973907979,0.417995514344641
2015,4,0.363321465559074,0.31664643882875,0.420667730597244,0.406585790415227,0.228413813033361,0.138293583575007,0.15475321177823,0.143721147990227,0.140033817035146,0.139092884682287,0.130485447731593,0.128968353720499,0.121505104380894,0.353383413894488
2015,5,NA,NA,NA,0.354778235157331,0.962772271923117,NA,NA,0.172652055011239,0.15734373871237,0.225769091912401,0.158968631766344,0.153195240162872,0.153549014596465,0.232286301081773
2015,6,NA,0.192139975726604,0.840660661458969,0.905985741852186,2.06934976586298,NA,0.185542496187346,NA,0.255946386605501,0.392013405710083,0.247491936164874,0.209245617604024,0.185448870820514,0.389009681064636
2015,7,1.1904147770511,1.16846867302742,1.45160015132449,3.63886765169479,3.6614601809657,0.320784977381118,0.405209262887079,0.426707551418956,1.60988934810745,2.17691438914956,0.204204026554242,1.78632349548893,0.239651092943924,0.395770514768267
2015,8,1.68387659054157,4.41430570967992,14.1658695240815,6.3200218690961,9.24923106693053,0.482471875846386,1.24639074943658,1.0767378588838,0.932314205217067,3.62711748017439,0.30306783550923,0.30597710029513,0.413306940635535,1.02405624550122
2015,9,1.52333257552032,1.1929340033319,0.977728646135691,0.963108986988664,0.814223425473735,0.388609050821164,0.443749388538257,0.30172007823775,0.275550485571299,0.294886497845334,0.204062739687581,0.263877728781286,0.207790746154328,1.37037097140712
2015,10,0.505245542272608,0.676570121071783,0.78297647692549,0.651737641421127,0.721280894659716,0.179430314222811,0.336781238747198,0.209836477627102,0.183161580103528,0.204278948975909,0.202961520793866,0.172454230460254,0.189399446647866,0.996461424960176
2015,11,0.505788377910545,0.496576748910497,0.722288022894378,0.454130817535531,0.414010722006577,0.167055821645048,0.194616176954611,0.167392965310659,0.14199484857868,0.151541835308075,0.129067589435128,0.143219798886856,0.144089965134859,0.492050124844578
2015,12,0.670678662021219,0.629462595787589,0.644709414998779,0.324086583376156,0.249083731961514,0.16673862080574,0.1853589230299,0.211667030692101,0.145848281240463,0.143858650815487,0.131905002522469,0.129197671926022,0.129655290913582,0.718894996941353
2016,1,0.72794085908301,0.823049130388231,0.49130146682808,0.333576735404302,0.212147944080441,0.158724294519424,0.210102799868584,0.181406192374229,0.140669515435296,0.149023585319519,0.144307510331273,0.142983843259892,0.152338313378171,0.796103790362869
2016,2,0.419913137968356,0.466331205017252,0.660597321497542,0.408568907758364,0.288361310878097,0.209538502502913,0.259731016889018,0.31076504247756,0.209777751304571,0.175519950413704,0.165733958717085,0.177103319596098,0.160428277064453,0.57798254170438
2016,3,0.326287299048069,0.552170306176883,0.473394221350895,0.386653707493707,0.290137053346346,0.237382047898034,0.325795961982561,0.316097835752558,0.237858243258063,0.18049362368798,0.224561251855958,0.149454304652119,0.14646138891719,0.616893174757042
2016,4,0.616971622608351,1.13437972526402,0.296586868955809,0.453762322587451,0.4258876242688,0.198041519633046,0.258754299233797,0.197271152672978,0.16690964392442,0.19500902828249,0.174483786560729,0.136380577765899,0.150798778992797,0.66864537743828
2016,5,0.45006693538624,0.805717489388254,0.20202640564211,0.393576774411573,3.96354455524369,0.156346624510156,0.22221563678624,0.168414485271417,0.155122809189481,0.249792881040688,0.201380167073674,0.132114570259171,0.111225325997188,0.887778444810559
2016,6,NA,0.698033702373505,NA,1.71694097702748,1.49358896184559,0.151926853908942,0.145973435262354,0.142869351165635,0.184809725512477,0.492921270926793,0.150773071028568,0.185819839295887,0.157974614076457,0.538708985130364
2016,7,2.31537199020386,3.81887052953243,1.52475210744888,18.5889582845072,12.0180275895938,NA,NA,0.423981934785843,0.279244338326594,7.4721744659132,0.334949968428147,0.250978858900719,0.246798218242706,NA
2016,8,5.35813820746637,4.59883380651474,5.81167329268022,5.189746955673,19.0553204956509,NA,1.51135671783138,1.64458972394466,1.1211619174006,4.57170220014654,0.371003569022082,0.234824670086928,0.214610601855716,1.43325725078583
2016,9,12.8315715680177,14.8820982519731,5.42366204151562,10.3112281420956,9.23878494424752,0.316936806500333,39.0626160568482,21.3071239210155,6.46286366576311,4.63438798648454,21.0166778021389,4.63581958807063,4.00553069978952,4.47500814738665
2016,10,2.63456855163385,3.24409046827578,3.01773407333929,5.03251911785005,4.70511838818116,2.45359675415339,3.92755580457052,3.78274427666221,3.35497631017594,2.25661615142822,2.13704542545901,2.12812188920975,1.04405151971188,12.9764490939478
2016,11,4.78519900201282,4.90783304090135,2.28124153572167,2.67568980643624,1.54482837909443,1.28842436902624,1.70268394741519,0.619687091622743,0.856227771577677,0.301294011704822,0.854518819784764,0.685340677491493,0.83412760245589,4.63780201026998
2016,12,1.11402893490398,0.880391626119334,0.742054894431684,0.534314809637215,0.358336896071695,0.244127991342545,0.267036268639565,0.272966969064597,0.203336835738259,0.221769615315283,0.268796894298897,0.202339192024134,0.26033818202742,1.70947709683561
2017,1,0.797351341389242,0.922522732802168,0.878187322171865,0.524821578444175,0.22199000144658,0.172591176509857,0.178643973064423,0.197363436532021,0.166627437257767,0.164413084554672,0.158269207167625,0.158934569478035,0.167632112407684,1.0218433431941
2017,2,0.571937638362671,0.779305746402646,1.00404631183591,0.451701772344044,0.224160878318879,0.156184551501274,0.155291585302353,0.194681824576855,0.170640385103226,0.164432691884041,0.15270237467289,0.165358128738403,0.155548795676231,0.740535779372461
2017,3,0.664464458540866,0.902296951175331,0.612826387889414,0.311511618364986,0.236893814895567,0.149625138719741,0.178602624684572,0.141474945673039,0.145795211784149,0.166594467266381,0.149832152065323,0.145261709486157,0.147467289376259,0.612494980426036
2017,4,1.50621725706493,2.07151556058842,NA,NA,NA,0.158164045293862,0.404340569462095,NA,NA,NA,NA,NA,0.140565877301352,0.918993287377596
2017,5,0.333575732158777,0.275102135950121,0.480621826879104,0.941804925741265,0.80870061841878,0.15131416523086,0.186145052202602,0.176869847562085,0.144558834347212,0.429531749723286,0.144714166315904,0.139651674156388,0.126652608937486,0.456368850516703
2017,6,NA,0.470131562913165,3.28034259976984,1.70549661416328,5.07669716398671,NA,0.220928791165352,NA,0.672892748929408,0.75180605711403,0.167414957491478,0.23701383068104,0.160781947919826,NA
2017,7,0.516056656837463,1.41789656371943,1.85774890764044,9.28452963664614,12.3861624111563,0.373322721038546,0.397475015372038,0.520822960089465,0.389298980589956,2.82606206936623,0.232413602146235,0.408757478392349,0.168510010689497,0.320939242839813
2017,8,0.997504701217016,NA,NA,11.3455578873797,9.01644076054033,0.546014467011327,3.77970990012674,NA,1.08466823139916,3.72129628312688,0.231256538057128,0.648857465220822,0.239205591637513,NA
2017,9,4.24073923157848,7.96937676010845,6.53508351051382,4.70761283220557,14.4220738975625,1.38774973382877,1.44594903961201,1.42853751151185,0.947538797212387,1.72832980198816,1.20752619993566,0.854778862990026,0.370074057109288,2.71139240685278
2017,10,1.3685861169556,2.62066675457858,1.5716711245041,1.28752957236957,3.4104767688176,0.370427224014704,0.709170129608746,0.495085484933853,0.319207594532311,0.373921517526085,0.211589664897038,0.317269027384405,0.196769592438033,2.24506839409853
2017,11,1.4144406103358,1.41469967760235,1.34480750166118,1.10067688499602,2.07864929357701,0.430294525986132,0.425522055421303,0.358799182469085,0.239887294333587,0.420302308893204,0.222235270861153,0.159989289083162,0.149513793468475,1.38236871690298
2017,12,1.93456039260157,0.935309283486965,1.09097270647596,0.622278745452787,0.609753127533781,0.684897709035873,0.376460877180099,0.368189365339279,0.283649084973335,0.287670298552513,0.294863301348686,0.282401342201233,0.291223929146862,1.37027019006903
2018,1,0.676483509307804,0.570508499671431,0.395238556727233,0.378671887665987,0.271971706853759,0.188692598195558,0.208923871803284,0.23305887349844,0.215313703880822,0.206692884565663,0.196560069608688,0.183260945588009,0.207838969016075,1.31770326193165
2018,2,0.513198371154746,0.52002790612333,0.789152886268761,0.279221189963795,0.189169161766768,0.165184770059586,0.157347827172279,0.181882271797278,0.148903165370799,0.157941637778282,0.164515247759529,0.158831014594094,0.164436320912965,0.696271407103105
2018,3,0.313009360106662,0.489513976495035,0.549243439594177,0.307144617822715,0.194135122148916,0.157166832631904,0.160547927471262,0.171354503207134,0.148250651923386,0.152678090127859,0.137496789805142,0.140759243877326,0.152776763705831,0.447577245182978
2018,4,0.272745271091876,0.162497564344793,0.224549629369422,0.196771235279824,0.176177334947146,0.145362804220481,0.143013518303633,0.152453006726914,0.118403623912122,0.112245976613327,0.13907193517836,0.11552198063909,0.122252759373897,0.349217422716143
2018,5,0.698977993523821,0.406387386559949,0.524124208106616,0.475122259669406,0.373158996078101,0.12192397200399,0.117963337098007,0.122847255133092,0.149998746812344,0.148076181610425,0.116853623817276,0.134880928198497,0.122705683944612,0.318310190059922
2018,6,3.07432281970978,1.66199883262456,0.43287093937397,2.10114788749944,16.6772775819356,0.238068073987961,0.195838712983661,NA,NA,0.264487187777247,NA,0.212809520463149,0.179554927561964,1.8651258179308
2018,7,NA,NA,1.94771041703779,0.405649617314339,2.54813195987229,NA,NA,0.249639550223947,0.203330974493708,1.04807067307688,0.143976497270589,0.192229386292777,0.160873217957293,NA
2018,8,3.84620185478314,1.89831884634697,NA,34.3217941027421,16.7602589481987,0.886531780163447,1.66792151989875,5.72430372238159,14.0352421378436,27.7886041102109,1.66147911470375,5.29292390323038,0.709188536292597,5.91404575771756
2018,9,3.03000107998586,3.80023094976814,4.57211746893445,3.96786210472417,9.57800925913311,0.814627035533932,2.6316037416331,1.50126112253856,0.523468753241298,1.90421913578184,0.534069199004822,0.428219117442857,0.302054948398012,1.77233501589244
2018,10,2.97699964046478,2.4322272045859,1.90096660357069,0.65186914284553,0.72069458382113,0.694714163870399,0.530007041120529,0.389387086943816,0.326452384455295,0.399354266578501,0.236886337438491,0.332385273509888,0.221309660649732,2.25087591196275
2018,11,1.48891726851588,1.18784412412959,1.05488356845254,0.703837959758191,1.56525373962335,0.29505328567028,0.29671439440109,0.278805185383744,0.197690455068787,0.254448659766105,0.190851845631474,0.167942996503194,0.204544399996822,1.43280656553785
2018,12,1.49830688654066,1.38063316535406,0.48588853000994,0.388468016388601,0.307741188298263,0.234844952654839,0.332262280308887,0.169016801714897,0.161895766301416,0.173478683659976,0.16504380122288,0.17844722842848,0.179297729426033,1.0105576932724
2019,1,0.714259938292924,1.0567781812063,1.05921882367745,0.471174682189476,0.245870301167707,0.196273278260231,0.206354302120209,0.206259801077843,0.149847252845764,0.18341661298275,0.163634385943413,0.183270000529289,0.199447408986092,1.21645815758183
2019,2,0.61115956752271,0.797473987659743,0.718182250119007,0.431589459379514,0.181041755828976,0.150755652356148,0.154708219146729,0.176443891239166,0.158279196190834,0.162034065413475,0.172052413082123,0.181623522114754,0.177968569397926,0.693829505976031
2019,3,0.681675043430621,0.64021692511969,0.343286632886831,0.320309930796405,0.19256310068113,0.147130022931099,0.143268620496673,0.151770507204533,0.155741796860199,0.144725270148528,0.147674449920057,0.142852672132387,0.143656223450528,0.654892630767908
2019,4,0.239409346844404,0.331950799251596,0.314531024219468,0.446347341742886,0.499963447322391,0.22250944699024,0.21494481813473,0.201867323011568,0.173841824995045,0.166791183668572,0.171483661668996,0.145625361374446,0.155401808842694,0.49768782584914
2019,5,NA,NA,NA,NA,0.898341619968414,NA,0.252260819861763,0.289536299950936,0.313017887578291,0.273666427071605,0.331629878782726,0.286784304994525,0.243185372769155,0.917984672482052
2019,6,2.32269700368245,3.81229175448418,1.12487204327728,6.91966221210392,1.98547779207992,NA,0.3962318656906,0.452824566246085,0.495294984097459,0.583309103542239,0.225271299539373,0.21842712411149,0.168254267979175,1.52754327130538
2019,7,0.432906359434128,1.43467539880011,2.05941283179296,2.35640053182013,4.81912940924388,NA,0.175512154897054,0.224911874248868,0.672130286693573,3.80050272896699,NA,0.163533526388082,0.159575549619538,NA
2019,8,0.412975798547268,2.26102991945936,1.24509691307321,2.17951644320836,21.6805827646198,0.286980501243046,0.495768947656765,0.333808478419898,0.336948660631028,1.94045071157755,0.302859534087934,0.517259488503138,0.334997378623308,0.25643760572981
2019,9,1.32812745330479,1.42708134184529,0.977560526032126,1.022767687785,2.22098749019634,0.367172962994803,0.309234024199136,0.282772318164046,0.292939855571253,0.345841309760471,0.236790166894595,0.247205102859541,0.208657800590479,1.06918714098233
2019,10,0.585039463615854,0.455145710935959,0.333066467245955,0.456604962592775,0.849459858563466,0.232406605406943,0.23331615389128,0.219223243202649,0.201333603298623,0.2233572662808,0.15994648535305,0.170899900429583,0.162893340592844,0.926988043604997
2019,11,0.728326835532169,1.05102280145137,0.917298465388823,0.610076463404503,0.560957086777221,0.217888335680962,0.252427939125025,0.199450540169476,0.163196940411534,0.197097674155695,0.159789928126335,0.153085492755617,0.160570930314064,0.608174990717809
2019,12,0.607970884619433,0.494217824346797,0.637057385023902,0.378448804556072,0.22442091317284,0.169122942566872,0.170592305493355,0.235504153585434,0.138595947682858,0.149013608086109,0.14574944760815,0.150185026562214,0.146595539498329,0.496363498474727
2020,1,0.83887440304449,0.782203609136731,0.650576097071171,0.37807719057359,0.205414059207491,0.191169149708748,0.1894487667799,0.181313937234879,0.15975161242485,0.155792392778397,0.163077247738838,0.164370402479172,0.171116262865067,0.675847562004442
2020,2,0.697070864894445,0.593735975606182,0.588782362140981,0.402887473088254,0.219136675539082,0.1952027135849,0.183727192429778,0.173460931502114,0.166610076208973,0.16485184109211,0.163908847166519,0.159311314407856,0.153114805660177,0.55223188933341
2020,3,0.915747418600259,0.724925248014136,0.533778741416349,0.500226879125571,0.358011766728584,0.257900325274467,0.245461209535599,0.199461458134651,0.155629871797755,0.1767690160805,0.188630374055804,0.160767238273799,0.181434725502689,0.706564138401407
2020,4,0.262300453756167,0.435615522528856,0.42516426798237,0.448356394178632,0.293469505489207,0.316928587853909,0.247543044599658,0.237572927906261,0.225402906656265,0.202501542208474,0.257230251598358,0.211703399136182,0.2414099203825,0.446470543114448
2020,5,0.527301479910695,0.560495338077287,0.5978886548185,0.693619999821339,1.16360258351858,NA,0.434336233597535,0.207344625924909,0.223256140633633,0.33509061531683,0.198931809928682,0.277990484008422,0.247199932858348,0.370057732020457
2020,6,1.43345720308726,0.563897742692268,0.784611384525444,0.747020296255748,10.1543566734279,0.22636002928588,0.206056842044608,0.4035123781516,0.233883156724598,0.348363862372935,0.224218064972333,0.279244557188986,0.269241921150166,1.11599502884333
2020,7,4.1983098742147,8.2752323062845,5.38206397258129,4.93929500709482,5.23682348078983,0.203558378286295,1.08211684813265,0.313980306848625,0.262994171955205,6.06663358986804,0.182703517485356,0.235093911043529,0.177573377988091,0.267386326551437
2020,8,NA,NA,NA,10.2246486813621,20.3669186979532,NA,NA,NA,0.940657113517463,7.02809919538249,NA,2.28435558588224,0.341833819945653,NA
2020,9,0.968709211062341,3.50486723075108,3.04700031323092,6.10644352263922,3.30161981802642,0.311759764581551,0.660730902566657,0.700932664096986,0.658267419438184,1.62313684154742,0.251588773832827,0.42856066131166,0.251709062145667,0.836949073542292
2020,10,2.64502803885784,4.31604201837619,6.50340750212092,6.2997507091796,10.8778964613683,0.56224834540071,0.736744066352092,1.15441319920509,0.514550994444256,2.84012695289019,0.270479898827223,0.812491150632981,0.565692346048309,1.27889575016829
2020,11,NA,NA,NA,NA,NA,NA,NA,NA,NA,NA,NA,NA,NA,NA
2020,12,NA,NA,NA,NA,NA,NA,NA,NA,NA,NA,NA,NA,NA,NA
