"Year","Month","precip.gpcp.kerala","precip.gpcp.karnataka","PrecipTRMM1","PrecipTRMM2","PrecipTRMM3","PrecipTRMM4","PrecipTRMM5","PrecipTRMM6","PrecipTRMM7","PrecipTRMM8","PrecipTRMM9","PrecipTRMM10","PrecipTRMM11","PrecipTRMM12","PrecipTRMM13","PrecipTRMM14","Precip.Kerala"
1956,1,NA,NA,NA,NA,NA,NA,NA,NA,NA,NA,NA,NA,NA,NA,NA,NA,7.9
1956,2,NA,NA,NA,NA,NA,NA,NA,NA,NA,NA,NA,NA,NA,NA,NA,NA,11.7
1956,3,NA,NA,NA,NA,NA,NA,NA,NA,NA,NA,NA,NA,NA,NA,NA,NA,15.1
1956,4,NA,NA,NA,NA,NA,NA,NA,NA,NA,NA,NA,NA,NA,NA,NA,NA,151.6
1956,5,NA,NA,NA,NA,NA,NA,NA,NA,NA,NA,NA,NA,NA,NA,NA,NA,351.3
1956,6,NA,NA,NA,NA,NA,NA,NA,NA,NA,NA,NA,NA,NA,NA,NA,NA,755.4
1956,7,NA,NA,NA,NA,NA,NA,NA,NA,NA,NA,NA,NA,NA,NA,NA,NA,466.8
1956,8,NA,NA,NA,NA,NA,NA,NA,NA,NA,NA,NA,NA,NA,NA,NA,NA,319.5
1956,9,NA,NA,NA,NA,NA,NA,NA,NA,NA,NA,NA,NA,NA,NA,NA,NA,178.4
1956,10,NA,NA,NA,NA,NA,NA,NA,NA,NA,NA,NA,NA,NA,NA,NA,NA,353.3
1956,11,NA,NA,NA,NA,NA,NA,NA,NA,NA,NA,NA,NA,NA,NA,NA,NA,178.2
1956,12,NA,NA,NA,NA,NA,NA,NA,NA,NA,NA,NA,NA,NA,NA,NA,NA,9.1
1957,1,NA,NA,NA,NA,NA,NA,NA,NA,NA,NA,NA,NA,NA,NA,NA,NA,1.2
1957,2,NA,NA,NA,NA,NA,NA,NA,NA,NA,NA,NA,NA,NA,NA,NA,NA,16
1957,3,NA,NA,NA,NA,NA,NA,NA,NA,NA,NA,NA,NA,NA,NA,NA,NA,25.7
1957,4,NA,NA,NA,NA,NA,NA,NA,NA,NA,NA,NA,NA,NA,NA,NA,NA,70.2
1957,5,NA,NA,NA,NA,NA,NA,NA,NA,NA,NA,NA,NA,NA,NA,NA,NA,381.2
1957,6,NA,NA,NA,NA,NA,NA,NA,NA,NA,NA,NA,NA,NA,NA,NA,NA,872
1957,7,NA,NA,NA,NA,NA,NA,NA,NA,NA,NA,NA,NA,NA,NA,NA,NA,835.3
1957,8,NA,NA,NA,NA,NA,NA,NA,NA,NA,NA,NA,NA,NA,NA,NA,NA,358.8
1957,9,NA,NA,NA,NA,NA,NA,NA,NA,NA,NA,NA,NA,NA,NA,NA,NA,41.3
1957,10,NA,NA,NA,NA,NA,NA,NA,NA,NA,NA,NA,NA,NA,NA,NA,NA,280.1
1957,11,NA,NA,NA,NA,NA,NA,NA,NA,NA,NA,NA,NA,NA,NA,NA,NA,192.5
1957,12,NA,NA,NA,NA,NA,NA,NA,NA,NA,NA,NA,NA,NA,NA,NA,NA,28.9
1958,1,NA,NA,NA,NA,NA,NA,NA,NA,NA,NA,NA,NA,NA,NA,NA,NA,4.4
1958,2,NA,NA,NA,NA,NA,NA,NA,NA,NA,NA,NA,NA,NA,NA,NA,NA,19.3
1958,3,NA,NA,NA,NA,NA,NA,NA,NA,NA,NA,NA,NA,NA,NA,NA,NA,57.3
1958,4,NA,NA,NA,NA,NA,NA,NA,NA,NA,NA,NA,NA,NA,NA,NA,NA,135.1
1958,5,NA,NA,NA,NA,NA,NA,NA,NA,NA,NA,NA,NA,NA,NA,NA,NA,353.5
1958,6,NA,NA,NA,NA,NA,NA,NA,NA,NA,NA,NA,NA,NA,NA,NA,NA,713.3
1958,7,NA,NA,NA,NA,NA,NA,NA,NA,NA,NA,NA,NA,NA,NA,NA,NA,622.7
1958,8,NA,NA,NA,NA,NA,NA,NA,NA,NA,NA,NA,NA,NA,NA,NA,NA,526.6
1958,9,NA,NA,NA,NA,NA,NA,NA,NA,NA,NA,NA,NA,NA,NA,NA,NA,86.1
1958,10,NA,NA,NA,NA,NA,NA,NA,NA,NA,NA,NA,NA,NA,NA,NA,NA,191
1958,11,NA,NA,NA,NA,NA,NA,NA,NA,NA,NA,NA,NA,NA,NA,NA,NA,206.1
1958,12,NA,NA,NA,NA,NA,NA,NA,NA,NA,NA,NA,NA,NA,NA,NA,NA,7.7
1959,1,NA,NA,NA,NA,NA,NA,NA,NA,NA,NA,NA,NA,NA,NA,NA,NA,3
1959,2,NA,NA,NA,NA,NA,NA,NA,NA,NA,NA,NA,NA,NA,NA,NA,NA,21.4
1959,3,NA,NA,NA,NA,NA,NA,NA,NA,NA,NA,NA,NA,NA,NA,NA,NA,6.3
1959,4,NA,NA,NA,NA,NA,NA,NA,NA,NA,NA,NA,NA,NA,NA,NA,NA,150.7
1959,5,NA,NA,NA,NA,NA,NA,NA,NA,NA,NA,NA,NA,NA,NA,NA,NA,347.2
1959,6,NA,NA,NA,NA,NA,NA,NA,NA,NA,NA,NA,NA,NA,NA,NA,NA,872.8
1959,7,NA,NA,NA,NA,NA,NA,NA,NA,NA,NA,NA,NA,NA,NA,NA,NA,1155.7
1959,8,NA,NA,NA,NA,NA,NA,NA,NA,NA,NA,NA,NA,NA,NA,NA,NA,397.3
1959,9,NA,NA,NA,NA,NA,NA,NA,NA,NA,NA,NA,NA,NA,NA,NA,NA,405.5
1959,10,NA,NA,NA,NA,NA,NA,NA,NA,NA,NA,NA,NA,NA,NA,NA,NA,200.4
1959,11,NA,NA,NA,NA,NA,NA,NA,NA,NA,NA,NA,NA,NA,NA,NA,NA,151.9
1959,12,NA,NA,NA,NA,NA,NA,NA,NA,NA,NA,NA,NA,NA,NA,NA,NA,34
1960,1,NA,NA,NA,NA,NA,NA,NA,NA,NA,NA,NA,NA,NA,NA,NA,NA,9.4
1960,2,NA,NA,NA,NA,NA,NA,NA,NA,NA,NA,NA,NA,NA,NA,NA,NA,8.4
1960,3,NA,NA,NA,NA,NA,NA,NA,NA,NA,NA,NA,NA,NA,NA,NA,NA,44.4
1960,4,NA,NA,NA,NA,NA,NA,NA,NA,NA,NA,NA,NA,NA,NA,NA,NA,206.6
1960,5,NA,NA,NA,NA,NA,NA,NA,NA,NA,NA,NA,NA,NA,NA,NA,NA,540
1960,6,NA,NA,NA,NA,NA,NA,NA,NA,NA,NA,NA,NA,NA,NA,NA,NA,480.3
1960,7,NA,NA,NA,NA,NA,NA,NA,NA,NA,NA,NA,NA,NA,NA,NA,NA,750.9
1960,8,NA,NA,NA,NA,NA,NA,NA,NA,NA,NA,NA,NA,NA,NA,NA,NA,336.8
1960,9,NA,NA,NA,NA,NA,NA,NA,NA,NA,NA,NA,NA,NA,NA,NA,NA,371.2
1960,10,NA,NA,NA,NA,NA,NA,NA,NA,NA,NA,NA,NA,NA,NA,NA,NA,255.9
1960,11,NA,NA,NA,NA,NA,NA,NA,NA,NA,NA,NA,NA,NA,NA,NA,NA,358
1960,12,NA,NA,NA,NA,NA,NA,NA,NA,NA,NA,NA,NA,NA,NA,NA,NA,23.7
1961,1,NA,NA,NA,NA,NA,NA,NA,NA,NA,NA,NA,NA,NA,NA,NA,NA,13.7
1961,2,NA,NA,NA,NA,NA,NA,NA,NA,NA,NA,NA,NA,NA,NA,NA,NA,31.3
1961,3,NA,NA,NA,NA,NA,NA,NA,NA,NA,NA,NA,NA,NA,NA,NA,NA,11.4
1961,4,NA,NA,NA,NA,NA,NA,NA,NA,NA,NA,NA,NA,NA,NA,NA,NA,94.1
1961,5,NA,NA,NA,NA,NA,NA,NA,NA,NA,NA,NA,NA,NA,NA,NA,NA,500.5
1961,6,NA,NA,NA,NA,NA,NA,NA,NA,NA,NA,NA,NA,NA,NA,NA,NA,1005.2
1961,7,NA,NA,NA,NA,NA,NA,NA,NA,NA,NA,NA,NA,NA,NA,NA,NA,1146.5
1961,8,NA,NA,NA,NA,NA,NA,NA,NA,NA,NA,NA,NA,NA,NA,NA,NA,678.3
1961,9,NA,NA,NA,NA,NA,NA,NA,NA,NA,NA,NA,NA,NA,NA,NA,NA,399.3
1961,10,NA,NA,NA,NA,NA,NA,NA,NA,NA,NA,NA,NA,NA,NA,NA,NA,274.2
1961,11,NA,NA,NA,NA,NA,NA,NA,NA,NA,NA,NA,NA,NA,NA,NA,NA,85.9
1961,12,NA,NA,NA,NA,NA,NA,NA,NA,NA,NA,NA,NA,NA,NA,NA,NA,17.5
1962,1,NA,NA,NA,NA,NA,NA,NA,NA,NA,NA,NA,NA,NA,NA,NA,NA,28.4
1962,2,NA,NA,NA,NA,NA,NA,NA,NA,NA,NA,NA,NA,NA,NA,NA,NA,54.7
1962,3,NA,NA,NA,NA,NA,NA,NA,NA,NA,NA,NA,NA,NA,NA,NA,NA,39.6
1962,4,NA,NA,NA,NA,NA,NA,NA,NA,NA,NA,NA,NA,NA,NA,NA,NA,95.1
1962,5,NA,NA,NA,NA,NA,NA,NA,NA,NA,NA,NA,NA,NA,NA,NA,NA,472.4
1962,6,NA,NA,NA,NA,NA,NA,NA,NA,NA,NA,NA,NA,NA,NA,NA,NA,244.9
1962,7,NA,NA,NA,NA,NA,NA,NA,NA,NA,NA,NA,NA,NA,NA,NA,NA,951.1
1962,8,NA,NA,NA,NA,NA,NA,NA,NA,NA,NA,NA,NA,NA,NA,NA,NA,510.7
1962,9,NA,NA,NA,NA,NA,NA,NA,NA,NA,NA,NA,NA,NA,NA,NA,NA,394.9
1962,10,NA,NA,NA,NA,NA,NA,NA,NA,NA,NA,NA,NA,NA,NA,NA,NA,475.6
1962,11,NA,NA,NA,NA,NA,NA,NA,NA,NA,NA,NA,NA,NA,NA,NA,NA,31.5
1962,12,NA,NA,NA,NA,NA,NA,NA,NA,NA,NA,NA,NA,NA,NA,NA,NA,76.9
1963,1,NA,NA,NA,NA,NA,NA,NA,NA,NA,NA,NA,NA,NA,NA,NA,NA,30.2
1963,2,NA,NA,NA,NA,NA,NA,NA,NA,NA,NA,NA,NA,NA,NA,NA,NA,24.8
1963,3,NA,NA,NA,NA,NA,NA,NA,NA,NA,NA,NA,NA,NA,NA,NA,NA,69.8
1963,4,NA,NA,NA,NA,NA,NA,NA,NA,NA,NA,NA,NA,NA,NA,NA,NA,96.3
1963,5,NA,NA,NA,NA,NA,NA,NA,NA,NA,NA,NA,NA,NA,NA,NA,NA,157.1
1963,6,NA,NA,NA,NA,NA,NA,NA,NA,NA,NA,NA,NA,NA,NA,NA,NA,393.3
1963,7,NA,NA,NA,NA,NA,NA,NA,NA,NA,NA,NA,NA,NA,NA,NA,NA,720.2
1963,8,NA,NA,NA,NA,NA,NA,NA,NA,NA,NA,NA,NA,NA,NA,NA,NA,511
1963,9,NA,NA,NA,NA,NA,NA,NA,NA,NA,NA,NA,NA,NA,NA,NA,NA,223.9
1963,10,NA,NA,NA,NA,NA,NA,NA,NA,NA,NA,NA,NA,NA,NA,NA,NA,282.6
1963,11,NA,NA,NA,NA,NA,NA,NA,NA,NA,NA,NA,NA,NA,NA,NA,NA,93.4
1963,12,NA,NA,NA,NA,NA,NA,NA,NA,NA,NA,NA,NA,NA,NA,NA,NA,48.4
1964,1,NA,NA,NA,NA,NA,NA,NA,NA,NA,NA,NA,NA,NA,NA,NA,NA,1.1
1964,2,NA,NA,NA,NA,NA,NA,NA,NA,NA,NA,NA,NA,NA,NA,NA,NA,7.8
1964,3,NA,NA,NA,NA,NA,NA,NA,NA,NA,NA,NA,NA,NA,NA,NA,NA,67.2
1964,4,NA,NA,NA,NA,NA,NA,NA,NA,NA,NA,NA,NA,NA,NA,NA,NA,83.3
1964,5,NA,NA,NA,NA,NA,NA,NA,NA,NA,NA,NA,NA,NA,NA,NA,NA,94.8
1964,6,NA,NA,NA,NA,NA,NA,NA,NA,NA,NA,NA,NA,NA,NA,NA,NA,379.4
1964,7,NA,NA,NA,NA,NA,NA,NA,NA,NA,NA,NA,NA,NA,NA,NA,NA,754.2
1964,8,NA,NA,NA,NA,NA,NA,NA,NA,NA,NA,NA,NA,NA,NA,NA,NA,548
1964,9,NA,NA,NA,NA,NA,NA,NA,NA,NA,NA,NA,NA,NA,NA,NA,NA,398.2
1964,10,NA,NA,NA,NA,NA,NA,NA,NA,NA,NA,NA,NA,NA,NA,NA,NA,325.7
1964,11,NA,NA,NA,NA,NA,NA,NA,NA,NA,NA,NA,NA,NA,NA,NA,NA,191.7
1964,12,NA,NA,NA,NA,NA,NA,NA,NA,NA,NA,NA,NA,NA,NA,NA,NA,17.8
1965,1,NA,NA,NA,NA,NA,NA,NA,NA,NA,NA,NA,NA,NA,NA,NA,NA,9.1
1965,2,NA,NA,NA,NA,NA,NA,NA,NA,NA,NA,NA,NA,NA,NA,NA,NA,0.9
1965,3,NA,NA,NA,NA,NA,NA,NA,NA,NA,NA,NA,NA,NA,NA,NA,NA,28.3
1965,4,NA,NA,NA,NA,NA,NA,NA,NA,NA,NA,NA,NA,NA,NA,NA,NA,109.8
1965,5,NA,NA,NA,NA,NA,NA,NA,NA,NA,NA,NA,NA,NA,NA,NA,NA,214.5
1965,6,NA,NA,NA,NA,NA,NA,NA,NA,NA,NA,NA,NA,NA,NA,NA,NA,597.7
1965,7,NA,NA,NA,NA,NA,NA,NA,NA,NA,NA,NA,NA,NA,NA,NA,NA,465.1
1965,8,NA,NA,NA,NA,NA,NA,NA,NA,NA,NA,NA,NA,NA,NA,NA,NA,296.1
1965,9,NA,NA,NA,NA,NA,NA,NA,NA,NA,NA,NA,NA,NA,NA,NA,NA,150.1
1965,10,NA,NA,NA,NA,NA,NA,NA,NA,NA,NA,NA,NA,NA,NA,NA,NA,183.7
1965,11,NA,NA,NA,NA,NA,NA,NA,NA,NA,NA,NA,NA,NA,NA,NA,NA,131.7
1965,12,NA,NA,NA,NA,NA,NA,NA,NA,NA,NA,NA,NA,NA,NA,NA,NA,155.5
1966,1,NA,NA,NA,NA,NA,NA,NA,NA,NA,NA,NA,NA,NA,NA,NA,NA,3
1966,2,NA,NA,NA,NA,NA,NA,NA,NA,NA,NA,NA,NA,NA,NA,NA,NA,6.9
1966,3,NA,NA,NA,NA,NA,NA,NA,NA,NA,NA,NA,NA,NA,NA,NA,NA,67.7
1966,4,NA,NA,NA,NA,NA,NA,NA,NA,NA,NA,NA,NA,NA,NA,NA,NA,167.4
1966,5,NA,NA,NA,NA,NA,NA,NA,NA,NA,NA,NA,NA,NA,NA,NA,NA,95.2
1966,6,NA,NA,NA,NA,NA,NA,NA,NA,NA,NA,NA,NA,NA,NA,NA,NA,496.2
1966,7,NA,NA,NA,NA,NA,NA,NA,NA,NA,NA,NA,NA,NA,NA,NA,NA,601.9
1966,8,NA,NA,NA,NA,NA,NA,NA,NA,NA,NA,NA,NA,NA,NA,NA,NA,202.1
1966,9,NA,NA,NA,NA,NA,NA,NA,NA,NA,NA,NA,NA,NA,NA,NA,NA,293.2
1966,10,NA,NA,NA,NA,NA,NA,NA,NA,NA,NA,NA,NA,NA,NA,NA,NA,392.3
1966,11,NA,NA,NA,NA,NA,NA,NA,NA,NA,NA,NA,NA,NA,NA,NA,NA,245.4
1966,12,NA,NA,NA,NA,NA,NA,NA,NA,NA,NA,NA,NA,NA,NA,NA,NA,50.5
1967,1,NA,NA,NA,NA,NA,NA,NA,NA,NA,NA,NA,NA,NA,NA,NA,NA,14.3
1967,2,NA,NA,NA,NA,NA,NA,NA,NA,NA,NA,NA,NA,NA,NA,NA,NA,0.1
1967,3,NA,NA,NA,NA,NA,NA,NA,NA,NA,NA,NA,NA,NA,NA,NA,NA,24.6
1967,4,NA,NA,NA,NA,NA,NA,NA,NA,NA,NA,NA,NA,NA,NA,NA,NA,70.1
1967,5,NA,NA,NA,NA,NA,NA,NA,NA,NA,NA,NA,NA,NA,NA,NA,NA,244.9
1967,6,NA,NA,NA,NA,NA,NA,NA,NA,NA,NA,NA,NA,NA,NA,NA,NA,541.7
1967,7,NA,NA,NA,NA,NA,NA,NA,NA,NA,NA,NA,NA,NA,NA,NA,NA,741.4
1967,8,NA,NA,NA,NA,NA,NA,NA,NA,NA,NA,NA,NA,NA,NA,NA,NA,508.4
1967,9,NA,NA,NA,NA,NA,NA,NA,NA,NA,NA,NA,NA,NA,NA,NA,NA,145.8
1967,10,NA,NA,NA,NA,NA,NA,NA,NA,NA,NA,NA,NA,NA,NA,NA,NA,172.7
1967,11,NA,NA,NA,NA,NA,NA,NA,NA,NA,NA,NA,NA,NA,NA,NA,NA,74
1967,12,NA,NA,NA,NA,NA,NA,NA,NA,NA,NA,NA,NA,NA,NA,NA,NA,31.1
1968,1,NA,NA,NA,NA,NA,NA,NA,NA,NA,NA,NA,NA,NA,NA,NA,NA,7.3
1968,2,NA,NA,NA,NA,NA,NA,NA,NA,NA,NA,NA,NA,NA,NA,NA,NA,30.5
1968,3,NA,NA,NA,NA,NA,NA,NA,NA,NA,NA,NA,NA,NA,NA,NA,NA,89.2
1968,4,NA,NA,NA,NA,NA,NA,NA,NA,NA,NA,NA,NA,NA,NA,NA,NA,133.3
1968,5,NA,NA,NA,NA,NA,NA,NA,NA,NA,NA,NA,NA,NA,NA,NA,NA,90
1968,6,NA,NA,NA,NA,NA,NA,NA,NA,NA,NA,NA,NA,NA,NA,NA,NA,696.4
1968,7,NA,NA,NA,NA,NA,NA,NA,NA,NA,NA,NA,NA,NA,NA,NA,NA,1308.9
1968,8,NA,NA,NA,NA,NA,NA,NA,NA,NA,NA,NA,NA,NA,NA,NA,NA,380.7
1968,9,NA,NA,NA,NA,NA,NA,NA,NA,NA,NA,NA,NA,NA,NA,NA,NA,325.4
1968,10,NA,NA,NA,NA,NA,NA,NA,NA,NA,NA,NA,NA,NA,NA,NA,NA,178.9
1968,11,NA,NA,NA,NA,NA,NA,NA,NA,NA,NA,NA,NA,NA,NA,NA,NA,119.4
1968,12,NA,NA,NA,NA,NA,NA,NA,NA,NA,NA,NA,NA,NA,NA,NA,NA,32.7
1969,1,NA,NA,NA,NA,NA,NA,NA,NA,NA,NA,NA,NA,NA,NA,NA,NA,2.7
1969,2,NA,NA,NA,NA,NA,NA,NA,NA,NA,NA,NA,NA,NA,NA,NA,NA,6.4
1969,3,NA,NA,NA,NA,NA,NA,NA,NA,NA,NA,NA,NA,NA,NA,NA,NA,19.4
1969,4,NA,NA,NA,NA,NA,NA,NA,NA,NA,NA,NA,NA,NA,NA,NA,NA,117.2
1969,5,NA,NA,NA,NA,NA,NA,NA,NA,NA,NA,NA,NA,NA,NA,NA,NA,227.4
1969,6,NA,NA,NA,NA,NA,NA,NA,NA,NA,NA,NA,NA,NA,NA,NA,NA,550.5
1969,7,NA,NA,NA,NA,NA,NA,NA,NA,NA,NA,NA,NA,NA,NA,NA,NA,818.8
1969,8,NA,NA,NA,NA,NA,NA,NA,NA,NA,NA,NA,NA,NA,NA,NA,NA,284.8
1969,9,NA,NA,NA,NA,NA,NA,NA,NA,NA,NA,NA,NA,NA,NA,NA,NA,216.4
1969,10,NA,NA,NA,NA,NA,NA,NA,NA,NA,NA,NA,NA,NA,NA,NA,NA,235.6
1969,11,NA,NA,NA,NA,NA,NA,NA,NA,NA,NA,NA,NA,NA,NA,NA,NA,119.4
1969,12,NA,NA,NA,NA,NA,NA,NA,NA,NA,NA,NA,NA,NA,NA,NA,NA,66.3
1970,1,NA,NA,NA,NA,NA,NA,NA,NA,NA,NA,NA,NA,NA,NA,NA,NA,12.9
1970,2,NA,NA,NA,NA,NA,NA,NA,NA,NA,NA,NA,NA,NA,NA,NA,NA,17.6
1970,3,NA,NA,NA,NA,NA,NA,NA,NA,NA,NA,NA,NA,NA,NA,NA,NA,25.8
1970,4,NA,NA,NA,NA,NA,NA,NA,NA,NA,NA,NA,NA,NA,NA,NA,NA,132.7
1970,5,NA,NA,NA,NA,NA,NA,NA,NA,NA,NA,NA,NA,NA,NA,NA,NA,289.1
1970,6,NA,NA,NA,NA,NA,NA,NA,NA,NA,NA,NA,NA,NA,NA,NA,NA,535.3
1970,7,NA,NA,NA,NA,NA,NA,NA,NA,NA,NA,NA,NA,NA,NA,NA,NA,558.1
1970,8,NA,NA,NA,NA,NA,NA,NA,NA,NA,NA,NA,NA,NA,NA,NA,NA,554.8
1970,9,NA,NA,NA,NA,NA,NA,NA,NA,NA,NA,NA,NA,NA,NA,NA,NA,212.5
1970,10,NA,NA,NA,NA,NA,NA,NA,NA,NA,NA,NA,NA,NA,NA,NA,NA,278.3
1970,11,NA,NA,NA,NA,NA,NA,NA,NA,NA,NA,NA,NA,NA,NA,NA,NA,80.5
1970,12,NA,NA,NA,NA,NA,NA,NA,NA,NA,NA,NA,NA,NA,NA,NA,NA,5.7
1971,1,NA,NA,NA,NA,NA,NA,NA,NA,NA,NA,NA,NA,NA,NA,NA,NA,31.6
1971,2,NA,NA,NA,NA,NA,NA,NA,NA,NA,NA,NA,NA,NA,NA,NA,NA,18.5
1971,3,NA,NA,NA,NA,NA,NA,NA,NA,NA,NA,NA,NA,NA,NA,NA,NA,20
1971,4,NA,NA,NA,NA,NA,NA,NA,NA,NA,NA,NA,NA,NA,NA,NA,NA,113
1971,5,NA,NA,NA,NA,NA,NA,NA,NA,NA,NA,NA,NA,NA,NA,NA,NA,317.5
1971,6,NA,NA,NA,NA,NA,NA,NA,NA,NA,NA,NA,NA,NA,NA,NA,NA,889.6
1971,7,NA,NA,NA,NA,NA,NA,NA,NA,NA,NA,NA,NA,NA,NA,NA,NA,648.6
1971,8,NA,NA,NA,NA,NA,NA,NA,NA,NA,NA,NA,NA,NA,NA,NA,NA,385.2
1971,9,NA,NA,NA,NA,NA,NA,NA,NA,NA,NA,NA,NA,NA,NA,NA,NA,331.2
1971,10,NA,NA,NA,NA,NA,NA,NA,NA,NA,NA,NA,NA,NA,NA,NA,NA,220.9
1971,11,NA,NA,NA,NA,NA,NA,NA,NA,NA,NA,NA,NA,NA,NA,NA,NA,38.3
1971,12,NA,NA,NA,NA,NA,NA,NA,NA,NA,NA,NA,NA,NA,NA,NA,NA,62.3
1972,1,NA,NA,NA,NA,NA,NA,NA,NA,NA,NA,NA,NA,NA,NA,NA,NA,2.6
1972,2,NA,NA,NA,NA,NA,NA,NA,NA,NA,NA,NA,NA,NA,NA,NA,NA,7.5
1972,3,NA,NA,NA,NA,NA,NA,NA,NA,NA,NA,NA,NA,NA,NA,NA,NA,2.5
1972,4,NA,NA,NA,NA,NA,NA,NA,NA,NA,NA,NA,NA,NA,NA,NA,NA,87.5
1972,5,NA,NA,NA,NA,NA,NA,NA,NA,NA,NA,NA,NA,NA,NA,NA,NA,436
1972,6,NA,NA,NA,NA,NA,NA,NA,NA,NA,NA,NA,NA,NA,NA,NA,NA,401.8
1972,7,NA,NA,NA,NA,NA,NA,NA,NA,NA,NA,NA,NA,NA,NA,NA,NA,714.4
1972,8,NA,NA,NA,NA,NA,NA,NA,NA,NA,NA,NA,NA,NA,NA,NA,NA,294.9
1972,9,NA,NA,NA,NA,NA,NA,NA,NA,NA,NA,NA,NA,NA,NA,NA,NA,185.7
1972,10,NA,NA,NA,NA,NA,NA,NA,NA,NA,NA,NA,NA,NA,NA,NA,NA,351.5
1972,11,NA,NA,NA,NA,NA,NA,NA,NA,NA,NA,NA,NA,NA,NA,NA,NA,140.5
1972,12,NA,NA,NA,NA,NA,NA,NA,NA,NA,NA,NA,NA,NA,NA,NA,NA,114.3
1973,1,NA,NA,NA,NA,NA,NA,NA,NA,NA,NA,NA,NA,NA,NA,NA,NA,0
1973,2,NA,NA,NA,NA,NA,NA,NA,NA,NA,NA,NA,NA,NA,NA,NA,NA,0.3
1973,3,NA,NA,NA,NA,NA,NA,NA,NA,NA,NA,NA,NA,NA,NA,NA,NA,12.3
1973,4,NA,NA,NA,NA,NA,NA,NA,NA,NA,NA,NA,NA,NA,NA,NA,NA,131.5
1973,5,NA,NA,NA,NA,NA,NA,NA,NA,NA,NA,NA,NA,NA,NA,NA,NA,119.9
1973,6,NA,NA,NA,NA,NA,NA,NA,NA,NA,NA,NA,NA,NA,NA,NA,NA,617
1973,7,NA,NA,NA,NA,NA,NA,NA,NA,NA,NA,NA,NA,NA,NA,NA,NA,583.5
1973,8,NA,NA,NA,NA,NA,NA,NA,NA,NA,NA,NA,NA,NA,NA,NA,NA,487.5
1973,9,NA,NA,NA,NA,NA,NA,NA,NA,NA,NA,NA,NA,NA,NA,NA,NA,61.3
1973,10,NA,NA,NA,NA,NA,NA,NA,NA,NA,NA,NA,NA,NA,NA,NA,NA,260.8
1973,11,NA,NA,NA,NA,NA,NA,NA,NA,NA,NA,NA,NA,NA,NA,NA,NA,84.5
1973,12,NA,NA,NA,NA,NA,NA,NA,NA,NA,NA,NA,NA,NA,NA,NA,NA,53.8
1974,1,NA,NA,NA,NA,NA,NA,NA,NA,NA,NA,NA,NA,NA,NA,NA,NA,1.6
1974,2,NA,NA,NA,NA,NA,NA,NA,NA,NA,NA,NA,NA,NA,NA,NA,NA,5.4
1974,3,NA,NA,NA,NA,NA,NA,NA,NA,NA,NA,NA,NA,NA,NA,NA,NA,16
1974,4,NA,NA,NA,NA,NA,NA,NA,NA,NA,NA,NA,NA,NA,NA,NA,NA,128
1974,5,NA,NA,NA,NA,NA,NA,NA,NA,NA,NA,NA,NA,NA,NA,NA,NA,221.5
1974,6,NA,NA,NA,NA,NA,NA,NA,NA,NA,NA,NA,NA,NA,NA,NA,NA,266.9
1974,7,NA,NA,NA,NA,NA,NA,NA,NA,NA,NA,NA,NA,NA,NA,NA,NA,1004.2
1974,8,NA,NA,NA,NA,NA,NA,NA,NA,NA,NA,NA,NA,NA,NA,NA,NA,533.6
1974,9,NA,NA,NA,NA,NA,NA,NA,NA,NA,NA,NA,NA,NA,NA,NA,NA,383.6
1974,10,NA,NA,NA,NA,NA,NA,NA,NA,NA,NA,NA,NA,NA,NA,NA,NA,142.1
1974,11,NA,NA,NA,NA,NA,NA,NA,NA,NA,NA,NA,NA,NA,NA,NA,NA,61
1974,12,NA,NA,NA,NA,NA,NA,NA,NA,NA,NA,NA,NA,NA,NA,NA,NA,3.6
1975,1,NA,NA,NA,NA,NA,NA,NA,NA,NA,NA,NA,NA,NA,NA,NA,NA,5.2
1975,2,NA,NA,NA,NA,NA,NA,NA,NA,NA,NA,NA,NA,NA,NA,NA,NA,21.4
1975,3,NA,NA,NA,NA,NA,NA,NA,NA,NA,NA,NA,NA,NA,NA,NA,NA,63.4
1975,4,NA,NA,NA,NA,NA,NA,NA,NA,NA,NA,NA,NA,NA,NA,NA,NA,123.8
1975,5,NA,NA,NA,NA,NA,NA,NA,NA,NA,NA,NA,NA,NA,NA,NA,NA,162.2
1975,6,NA,NA,NA,NA,NA,NA,NA,NA,NA,NA,NA,NA,NA,NA,NA,NA,864.4
1975,7,NA,NA,NA,NA,NA,NA,NA,NA,NA,NA,NA,NA,NA,NA,NA,NA,531.3
1975,8,NA,NA,NA,NA,NA,NA,NA,NA,NA,NA,NA,NA,NA,NA,NA,NA,675.9
1975,9,NA,NA,NA,NA,NA,NA,NA,NA,NA,NA,NA,NA,NA,NA,NA,NA,457.7
1975,10,NA,NA,NA,NA,NA,NA,NA,NA,NA,NA,NA,NA,NA,NA,NA,NA,368.9
1975,11,NA,NA,NA,NA,NA,NA,NA,NA,NA,NA,NA,NA,NA,NA,NA,NA,204.3
1975,12,NA,NA,NA,NA,NA,NA,NA,NA,NA,NA,NA,NA,NA,NA,NA,NA,19.9
1976,1,NA,NA,NA,NA,NA,NA,NA,NA,NA,NA,NA,NA,NA,NA,NA,NA,0.1
1976,2,NA,NA,NA,NA,NA,NA,NA,NA,NA,NA,NA,NA,NA,NA,NA,NA,1.5
1976,3,NA,NA,NA,NA,NA,NA,NA,NA,NA,NA,NA,NA,NA,NA,NA,NA,21
1976,4,NA,NA,NA,NA,NA,NA,NA,NA,NA,NA,NA,NA,NA,NA,NA,NA,134.5
1976,5,NA,NA,NA,NA,NA,NA,NA,NA,NA,NA,NA,NA,NA,NA,NA,NA,75.8
1976,6,NA,NA,NA,NA,NA,NA,NA,NA,NA,NA,NA,NA,NA,NA,NA,NA,196.8
1976,7,NA,NA,NA,NA,NA,NA,NA,NA,NA,NA,NA,NA,NA,NA,NA,NA,641.5
1976,8,NA,NA,NA,NA,NA,NA,NA,NA,NA,NA,NA,NA,NA,NA,NA,NA,342.6
1976,9,NA,NA,NA,NA,NA,NA,NA,NA,NA,NA,NA,NA,NA,NA,NA,NA,116.2
1976,10,NA,NA,NA,NA,NA,NA,NA,NA,NA,NA,NA,NA,NA,NA,NA,NA,221.3
1976,11,NA,NA,NA,NA,NA,NA,NA,NA,NA,NA,NA,NA,NA,NA,NA,NA,286.7
1976,12,NA,NA,NA,NA,NA,NA,NA,NA,NA,NA,NA,NA,NA,NA,NA,NA,30.8
1977,1,NA,NA,NA,NA,NA,NA,NA,NA,NA,NA,NA,NA,NA,NA,NA,NA,1.1
1977,2,NA,NA,NA,NA,NA,NA,NA,NA,NA,NA,NA,NA,NA,NA,NA,NA,15.7
1977,3,NA,NA,NA,NA,NA,NA,NA,NA,NA,NA,NA,NA,NA,NA,NA,NA,28.3
1977,4,NA,NA,NA,NA,NA,NA,NA,NA,NA,NA,NA,NA,NA,NA,NA,NA,102.3
1977,5,NA,NA,NA,NA,NA,NA,NA,NA,NA,NA,NA,NA,NA,NA,NA,NA,306.4
1977,6,NA,NA,NA,NA,NA,NA,NA,NA,NA,NA,NA,NA,NA,NA,NA,NA,599.6
1977,7,NA,NA,NA,NA,NA,NA,NA,NA,NA,NA,NA,NA,NA,NA,NA,NA,753.3
1977,8,NA,NA,NA,NA,NA,NA,NA,NA,NA,NA,NA,NA,NA,NA,NA,NA,234.2
1977,9,NA,NA,NA,NA,NA,NA,NA,NA,NA,NA,NA,NA,NA,NA,NA,NA,201.3
1977,10,NA,NA,NA,NA,NA,NA,NA,NA,NA,NA,NA,NA,NA,NA,NA,NA,437
1977,11,NA,NA,NA,NA,NA,NA,NA,NA,NA,NA,NA,NA,NA,NA,NA,NA,361.7
1977,12,NA,NA,NA,NA,NA,NA,NA,NA,NA,NA,NA,NA,NA,NA,NA,NA,6.7
1978,1,NA,NA,NA,NA,NA,NA,NA,NA,NA,NA,NA,NA,NA,NA,NA,NA,3.3
1978,2,NA,NA,NA,NA,NA,NA,NA,NA,NA,NA,NA,NA,NA,NA,NA,NA,14.7
1978,3,NA,NA,NA,NA,NA,NA,NA,NA,NA,NA,NA,NA,NA,NA,NA,NA,31.4
1978,4,NA,NA,NA,NA,NA,NA,NA,NA,NA,NA,NA,NA,NA,NA,NA,NA,73.9
1978,5,NA,NA,NA,NA,NA,NA,NA,NA,NA,NA,NA,NA,NA,NA,NA,NA,396.8
1978,6,NA,NA,NA,NA,NA,NA,NA,NA,NA,NA,NA,NA,NA,NA,NA,NA,758.1
1978,7,NA,NA,NA,NA,NA,NA,NA,NA,NA,NA,NA,NA,NA,NA,NA,NA,686.7
1978,8,NA,NA,NA,NA,NA,NA,NA,NA,NA,NA,NA,NA,NA,NA,NA,NA,516.8
1978,9,NA,NA,NA,NA,NA,NA,NA,NA,NA,NA,NA,NA,NA,NA,NA,NA,119.4
1978,10,NA,NA,NA,NA,NA,NA,NA,NA,NA,NA,NA,NA,NA,NA,NA,NA,171
1978,11,NA,NA,NA,NA,NA,NA,NA,NA,NA,NA,NA,NA,NA,NA,NA,NA,365.6
1978,12,NA,NA,NA,NA,NA,NA,NA,NA,NA,NA,NA,NA,NA,NA,NA,NA,39
1979,1,0,0.291722804307938,NA,NA,NA,NA,NA,NA,NA,NA,NA,NA,NA,NA,NA,NA,2.4
1979,2,0.623105883598328,0.0335837937891483,NA,NA,NA,NA,NA,NA,NA,NA,NA,NA,NA,NA,NA,NA,30
1979,3,0.315916061401367,0,NA,NA,NA,NA,NA,NA,NA,NA,NA,NA,NA,NA,NA,NA,11.7
1979,4,0.411542147397995,0.0837363973259926,NA,NA,NA,NA,NA,NA,NA,NA,NA,NA,NA,NA,NA,NA,42
1979,5,0.865002572536469,0.830996692180634,NA,NA,NA,NA,NA,NA,NA,NA,NA,NA,NA,NA,NA,NA,127.7
1979,6,6.67908668518066,5.61768913269043,NA,NA,NA,NA,NA,NA,NA,NA,NA,NA,NA,NA,NA,NA,582.9
1979,7,7.58276271820068,3.77554965019226,NA,NA,NA,NA,NA,NA,NA,NA,NA,NA,NA,NA,NA,NA,662.2
1979,8,1.87151563167572,1.29909932613373,NA,NA,NA,NA,NA,NA,NA,NA,NA,NA,NA,NA,NA,NA,383.7
1979,9,5.9294638633728,4.68061304092407,NA,NA,NA,NA,NA,NA,NA,NA,NA,NA,NA,NA,NA,NA,211.7
1979,10,2.1010468006134,1.88177585601807,NA,NA,NA,NA,NA,NA,NA,NA,NA,NA,NA,NA,NA,NA,163.8
1979,11,4.72841262817383,3.40933203697205,NA,NA,NA,NA,NA,NA,NA,NA,NA,NA,NA,NA,NA,NA,261.7
1979,12,1.42716324329376,0.602818429470062,NA,NA,NA,NA,NA,NA,NA,NA,NA,NA,NA,NA,NA,NA,23.3
1980,1,0,0,NA,NA,NA,NA,NA,NA,NA,NA,NA,NA,NA,NA,NA,NA,0
1980,2,0.143337562680244,0.0422785542905331,NA,NA,NA,NA,NA,NA,NA,NA,NA,NA,NA,NA,NA,NA,0.9
1980,3,0.153809890151024,0.18167769908905,NA,NA,NA,NA,NA,NA,NA,NA,NA,NA,NA,NA,NA,NA,20.8
1980,4,1.39371764659882,0.22290264070034,NA,NA,NA,NA,NA,NA,NA,NA,NA,NA,NA,NA,NA,NA,114.8
1980,5,4.54310131072998,1.09481227397919,NA,NA,NA,NA,NA,NA,NA,NA,NA,NA,NA,NA,NA,NA,105.3
1980,6,8.50800228118896,12.6382722854614,NA,NA,NA,NA,NA,NA,NA,NA,NA,NA,NA,NA,NA,NA,745.9
1980,7,6.05648279190063,1.98067736625671,NA,NA,NA,NA,NA,NA,NA,NA,NA,NA,NA,NA,NA,NA,754
1980,8,5.40242671966553,2.85693764686584,NA,NA,NA,NA,NA,NA,NA,NA,NA,NA,NA,NA,NA,NA,438.1
1980,9,3.43083024024963,2.24597692489624,NA,NA,NA,NA,NA,NA,NA,NA,NA,NA,NA,NA,NA,NA,139.5
1980,10,4.06543827056885,1.58355498313904,NA,NA,NA,NA,NA,NA,NA,NA,NA,NA,NA,NA,NA,NA,282.3
1980,11,1.27164733409882,0.86091822385788,NA,NA,NA,NA,NA,NA,NA,NA,NA,NA,NA,NA,NA,NA,162.3
1980,12,2.34042644500732,1.45236611366272,NA,NA,NA,NA,NA,NA,NA,NA,NA,NA,NA,NA,NA,NA,39.5
1981,1,0.467613130807877,0.0312248002737761,NA,NA,NA,NA,NA,NA,NA,NA,NA,NA,NA,NA,NA,NA,7
1981,2,0.225466176867485,0,NA,NA,NA,NA,NA,NA,NA,NA,NA,NA,NA,NA,NA,NA,6.8
1981,3,0.152484610676765,0.0803156569600105,NA,NA,NA,NA,NA,NA,NA,NA,NA,NA,NA,NA,NA,NA,28.5
1981,4,1.46512091159821,0.261397540569305,NA,NA,NA,NA,NA,NA,NA,NA,NA,NA,NA,NA,NA,NA,75.9
1981,5,4.84553909301758,1.23975396156311,NA,NA,NA,NA,NA,NA,NA,NA,NA,NA,NA,NA,NA,NA,166.3
1981,6,11.4978609085083,14.6035661697388,NA,NA,NA,NA,NA,NA,NA,NA,NA,NA,NA,NA,NA,NA,912.4
1981,7,4.51388502120972,3.16631984710693,NA,NA,NA,NA,NA,NA,NA,NA,NA,NA,NA,NA,NA,NA,489.8
1981,8,4.72377872467041,2.53401780128479,NA,NA,NA,NA,NA,NA,NA,NA,NA,NA,NA,NA,NA,NA,495.6
1981,9,7.34301376342773,5.82987594604492,NA,NA,NA,NA,NA,NA,NA,NA,NA,NA,NA,NA,NA,NA,376.6
1981,10,4.27813386917114,2.14989447593689,NA,NA,NA,NA,NA,NA,NA,NA,NA,NA,NA,NA,NA,NA,265
1981,11,3.13160395622253,1.00306487083435,NA,NA,NA,NA,NA,NA,NA,NA,NA,NA,NA,NA,NA,NA,138.6
1981,12,1.23824334144592,1.21136140823364,NA,NA,NA,NA,NA,NA,NA,NA,NA,NA,NA,NA,NA,NA,43.3
1982,1,0.11014723777771,0.0305868070572615,NA,NA,NA,NA,NA,NA,NA,NA,NA,NA,NA,NA,NA,NA,0.7
1982,2,0.0705266296863556,0.00638327747583389,NA,NA,NA,NA,NA,NA,NA,NA,NA,NA,NA,NA,NA,NA,0.1
1982,3,0.305190116167068,0.00900193303823471,NA,NA,NA,NA,NA,NA,NA,NA,NA,NA,NA,NA,NA,NA,21.9
1982,4,0.465479612350464,0,NA,NA,NA,NA,NA,NA,NA,NA,NA,NA,NA,NA,NA,NA,60.4
1982,5,3.55396628379822,1.58768475055695,NA,NA,NA,NA,NA,NA,NA,NA,NA,NA,NA,NA,NA,NA,148.2
1982,6,8.07045459747314,3.12820816040039,NA,NA,NA,NA,NA,NA,NA,NA,NA,NA,NA,NA,NA,NA,612.2
1982,7,7.76503467559814,4.65740585327148,NA,NA,NA,NA,NA,NA,NA,NA,NA,NA,NA,NA,NA,NA,511.5
1982,8,6.07563829421997,4.09376239776611,NA,NA,NA,NA,NA,NA,NA,NA,NA,NA,NA,NA,NA,NA,495
1982,9,3.05540776252747,2.74421501159668,NA,NA,NA,NA,NA,NA,NA,NA,NA,NA,NA,NA,NA,NA,70.6
1982,10,2.29491591453552,0.631840944290161,NA,NA,NA,NA,NA,NA,NA,NA,NA,NA,NA,NA,NA,NA,164.4
1982,11,6.82364559173584,3.48253297805786,NA,NA,NA,NA,NA,NA,NA,NA,NA,NA,NA,NA,NA,NA,127.5
1982,12,2.70928716659546,1.29643583297729,NA,NA,NA,NA,NA,NA,NA,NA,NA,NA,NA,NA,NA,NA,10.8
1983,1,0.313929051160812,0,NA,NA,NA,NA,NA,NA,NA,NA,NA,NA,NA,NA,NA,NA,0.2
1983,2,0.41507351398468,0.176946476101875,NA,NA,NA,NA,NA,NA,NA,NA,NA,NA,NA,NA,NA,NA,1.5
1983,3,0.0118428766727448,0,NA,NA,NA,NA,NA,NA,NA,NA,NA,NA,NA,NA,NA,NA,0.9
1983,4,0.665296196937561,0.00651422142982483,NA,NA,NA,NA,NA,NA,NA,NA,NA,NA,NA,NA,NA,NA,13.1
1983,5,0,0.501806795597076,NA,NA,NA,NA,NA,NA,NA,NA,NA,NA,NA,NA,NA,NA,76
1983,6,5.20956563949585,3.57126331329346,NA,NA,NA,NA,NA,NA,NA,NA,NA,NA,NA,NA,NA,NA,322.8
1983,7,5.84725570678711,4.93093633651733,NA,NA,NA,NA,NA,NA,NA,NA,NA,NA,NA,NA,NA,NA,583.2
1983,8,8.01779937744141,5.61140775680542,NA,NA,NA,NA,NA,NA,NA,NA,NA,NA,NA,NA,NA,NA,579.9
1983,9,8.73797035217285,6.71186876296997,NA,NA,NA,NA,NA,NA,NA,NA,NA,NA,NA,NA,NA,NA,497.6
1983,10,2.30375456809998,1.43421542644501,NA,NA,NA,NA,NA,NA,NA,NA,NA,NA,NA,NA,NA,NA,136.2
1983,11,2.31178283691406,0.645380079746246,NA,NA,NA,NA,NA,NA,NA,NA,NA,NA,NA,NA,NA,NA,116.5
1983,12,2.94262504577637,1.72382164001465,NA,NA,NA,NA,NA,NA,NA,NA,NA,NA,NA,NA,NA,NA,69.1
1984,1,2.27643227577209,0.585873961448669,NA,NA,NA,NA,NA,NA,NA,NA,NA,NA,NA,NA,NA,NA,36.8
1984,2,2.43795490264893,0.389288991689682,NA,NA,NA,NA,NA,NA,NA,NA,NA,NA,NA,NA,NA,NA,60
1984,3,0.743408501148224,0.351637989282608,NA,NA,NA,NA,NA,NA,NA,NA,NA,NA,NA,NA,NA,NA,95.3
1984,4,3.53054285049438,0.521835029125214,NA,NA,NA,NA,NA,NA,NA,NA,NA,NA,NA,NA,NA,NA,162.1
1984,5,4.42704439163208,2.97207689285278,NA,NA,NA,NA,NA,NA,NA,NA,NA,NA,NA,NA,NA,NA,84.6
1984,6,10.4409761428833,8.42306804656982,NA,NA,NA,NA,NA,NA,NA,NA,NA,NA,NA,NA,NA,NA,842.6
1984,7,6.06356525421143,4.79210472106934,NA,NA,NA,NA,NA,NA,NA,NA,NA,NA,NA,NA,NA,NA,653.6
1984,8,1.88580870628357,1.9680507183075,NA,NA,NA,NA,NA,NA,NA,NA,NA,NA,NA,NA,NA,NA,284.4
1984,9,2.8107225894928,2.9663200378418,NA,NA,NA,NA,NA,NA,NA,NA,NA,NA,NA,NA,NA,NA,171.1
1984,10,1.47350907325745,3.33276605606079,NA,NA,NA,NA,NA,NA,NA,NA,NA,NA,NA,NA,NA,NA,286
1984,11,3.87848782539368,0.788293182849884,NA,NA,NA,NA,NA,NA,NA,NA,NA,NA,NA,NA,NA,NA,67.7
1984,12,0.301218271255493,0,NA,NA,NA,NA,NA,NA,NA,NA,NA,NA,NA,NA,NA,NA,18
1985,1,1.05414533615112,0.456032693386078,NA,NA,NA,NA,NA,NA,NA,NA,NA,NA,NA,NA,NA,NA,61.2
1985,2,1.56221318244934,0.671141862869263,NA,NA,NA,NA,NA,NA,NA,NA,NA,NA,NA,NA,NA,NA,6.1
1985,3,0.653929710388184,0.0763374045491219,NA,NA,NA,NA,NA,NA,NA,NA,NA,NA,NA,NA,NA,NA,29.3
1985,4,2.24940466880798,0.225978940725327,NA,NA,NA,NA,NA,NA,NA,NA,NA,NA,NA,NA,NA,NA,66.6
1985,5,6.74402141571045,3.00436234474182,NA,NA,NA,NA,NA,NA,NA,NA,NA,NA,NA,NA,NA,NA,254.2
1985,6,8.32910346984863,5.10183620452881,NA,NA,NA,NA,NA,NA,NA,NA,NA,NA,NA,NA,NA,NA,828.7
1985,7,5.32439470291138,5.66694450378418,NA,NA,NA,NA,NA,NA,NA,NA,NA,NA,NA,NA,NA,NA,388.9
1985,8,6.63999271392822,1.40083837509155,NA,NA,NA,NA,NA,NA,NA,NA,NA,NA,NA,NA,NA,NA,315.3
1985,9,5.71533060073853,3.24380731582642,NA,NA,NA,NA,NA,NA,NA,NA,NA,NA,NA,NA,NA,NA,117.6
1985,10,2.33365297317505,1.62160241603851,NA,NA,NA,NA,NA,NA,NA,NA,NA,NA,NA,NA,NA,NA,204
1985,11,2.10299968719482,0.768815398216248,NA,NA,NA,NA,NA,NA,NA,NA,NA,NA,NA,NA,NA,NA,74.9
1985,12,1.71082210540771,1.02861487865448,NA,NA,NA,NA,NA,NA,NA,NA,NA,NA,NA,NA,NA,NA,44
1986,1,0.642851650714874,0.0625141561031342,NA,NA,NA,NA,NA,NA,NA,NA,NA,NA,NA,NA,NA,NA,5.6
1986,2,0.57870090007782,0.116714924573898,NA,NA,NA,NA,NA,NA,NA,NA,NA,NA,NA,NA,NA,NA,18.7
1986,3,1.41650009155273,0.167600333690643,NA,NA,NA,NA,NA,NA,NA,NA,NA,NA,NA,NA,NA,NA,11.2
1986,4,1.4578640460968,0.106174804270267,NA,NA,NA,NA,NA,NA,NA,NA,NA,NA,NA,NA,NA,NA,63.1
1986,5,3.46211647987366,1.15588736534119,NA,NA,NA,NA,NA,NA,NA,NA,NA,NA,NA,NA,NA,NA,126.7
1986,6,10.4339904785156,10.409854888916,NA,NA,NA,NA,NA,NA,NA,NA,NA,NA,NA,NA,NA,NA,597.9
1986,7,3.66185832023621,0.436193525791168,NA,NA,NA,NA,NA,NA,NA,NA,NA,NA,NA,NA,NA,NA,324.8
1986,8,3.49224472045898,1.18415212631226,NA,NA,NA,NA,NA,NA,NA,NA,NA,NA,NA,NA,NA,NA,340.3
1986,9,5.41862964630127,2.82957696914673,NA,NA,NA,NA,NA,NA,NA,NA,NA,NA,NA,NA,NA,NA,235.4
1986,10,2.9859778881073,0.39201095700264,NA,NA,NA,NA,NA,NA,NA,NA,NA,NA,NA,NA,NA,NA,165.5
1986,11,1.90637028217316,2.27863883972168,NA,NA,NA,NA,NA,NA,NA,NA,NA,NA,NA,NA,NA,NA,194.7
1986,12,1.72848498821259,0.63510274887085,NA,NA,NA,NA,NA,NA,NA,NA,NA,NA,NA,NA,NA,NA,9.5
1987,1,0.884981036186218,0.191065728664398,NA,NA,NA,NA,NA,NA,NA,NA,NA,NA,NA,NA,NA,NA,0.6
1987,2,0.262549877166748,0.0192431081086397,NA,NA,NA,NA,NA,NA,NA,NA,NA,NA,NA,NA,NA,NA,0.8
1987,3,0.0545575246214867,0.00812021177262068,NA,NA,NA,NA,NA,NA,NA,NA,NA,NA,NA,NA,NA,NA,4.3
1987,4,1.72708415985107,0.0449386425316334,NA,NA,NA,NA,NA,NA,NA,NA,NA,NA,NA,NA,NA,NA,57.2
1987,5,2.87320995330811,1.08253860473633,NA,NA,NA,NA,NA,NA,NA,NA,NA,NA,NA,NA,NA,NA,108.3
1987,6,8.82287311553955,9.03701972961426,NA,NA,NA,NA,NA,NA,NA,NA,NA,NA,NA,NA,NA,NA,572.6
1987,7,0.227648302912712,0.480143964290619,NA,NA,NA,NA,NA,NA,NA,NA,NA,NA,NA,NA,NA,NA,221
1987,8,6.39326286315918,3.44614148139954,NA,NA,NA,NA,NA,NA,NA,NA,NA,NA,NA,NA,NA,NA,396.6
1987,9,5.38543605804443,1.91356945037842,NA,NA,NA,NA,NA,NA,NA,NA,NA,NA,NA,NA,NA,NA,157
1987,10,2.45256328582764,1.49829721450806,NA,NA,NA,NA,NA,NA,NA,NA,NA,NA,NA,NA,NA,NA,272.1
1987,11,2.61843776702881,0.664302945137024,NA,NA,NA,NA,NA,NA,NA,NA,NA,NA,NA,NA,NA,NA,216
1987,12,1.92898869514465,1.60864436626434,NA,NA,NA,NA,NA,NA,NA,NA,NA,NA,NA,NA,NA,NA,131.1
1988,1,0.180044680833817,0.0380506776273251,NA,NA,NA,NA,NA,NA,NA,NA,NA,NA,NA,NA,NA,NA,0.8
1988,2,1.0034099817276,0.0492115542292595,NA,NA,NA,NA,NA,NA,NA,NA,NA,NA,NA,NA,NA,NA,17.5
1988,3,0.721648454666138,0.0512920618057251,NA,NA,NA,NA,NA,NA,NA,NA,NA,NA,NA,NA,NA,NA,38.1
1988,4,2.41127490997314,0.352644830942154,NA,NA,NA,NA,NA,NA,NA,NA,NA,NA,NA,NA,NA,NA,177.6
1988,5,4.09352540969849,3.63997220993042,NA,NA,NA,NA,NA,NA,NA,NA,NA,NA,NA,NA,NA,NA,157.2
1988,6,11.2022972106934,14.6500015258789,NA,NA,NA,NA,NA,NA,NA,NA,NA,NA,NA,NA,NA,NA,511.3
1988,7,13.6815309524536,8.07265281677246,NA,NA,NA,NA,NA,NA,NA,NA,NA,NA,NA,NA,NA,NA,502.8
1988,8,4.06139850616455,5.81551551818848,NA,NA,NA,NA,NA,NA,NA,NA,NA,NA,NA,NA,NA,NA,379.8
1988,9,5.02808284759521,9.09843730926514,NA,NA,NA,NA,NA,NA,NA,NA,NA,NA,NA,NA,NA,NA,451.7
1988,10,0.641937255859375,0.623799085617065,NA,NA,NA,NA,NA,NA,NA,NA,NA,NA,NA,NA,NA,NA,68.5
1988,11,3.41039776802063,0.339036345481873,NA,NA,NA,NA,NA,NA,NA,NA,NA,NA,NA,NA,NA,NA,67
1988,12,0.641075730323792,0.131717577576637,NA,NA,NA,NA,NA,NA,NA,NA,NA,NA,NA,NA,NA,NA,31.1
1989,1,0.596033096313477,0.0612043738365173,NA,NA,NA,NA,NA,NA,NA,NA,NA,NA,NA,NA,NA,NA,10.3
1989,2,0.317177504301071,0.024483323097229,NA,NA,NA,NA,NA,NA,NA,NA,NA,NA,NA,NA,NA,NA,0
1989,3,0.476573199033737,0.106849119067192,NA,NA,NA,NA,NA,NA,NA,NA,NA,NA,NA,NA,NA,NA,30.1
1989,4,3.033038854599,0.702155947685242,NA,NA,NA,NA,NA,NA,NA,NA,NA,NA,NA,NA,NA,NA,141.5
1989,5,4.03417587280273,1.04765129089355,NA,NA,NA,NA,NA,NA,NA,NA,NA,NA,NA,NA,NA,NA,169.4
1989,6,10.2489318847656,7.59251022338867,NA,NA,NA,NA,NA,NA,NA,NA,NA,NA,NA,NA,NA,NA,657.5
1989,7,6.86785507202148,5.05569648742676,NA,NA,NA,NA,NA,NA,NA,NA,NA,NA,NA,NA,NA,NA,450.7
1989,8,4.86951541900635,2.35413527488708,NA,NA,NA,NA,NA,NA,NA,NA,NA,NA,NA,NA,NA,NA,285.5
1989,9,5.92673778533936,4.50407361984253,NA,NA,NA,NA,NA,NA,NA,NA,NA,NA,NA,NA,NA,NA,271.1
1989,10,2.38623547554016,0.927496492862701,NA,NA,NA,NA,NA,NA,NA,NA,NA,NA,NA,NA,NA,NA,308
1989,11,1.98685741424561,0.685544788837433,NA,NA,NA,NA,NA,NA,NA,NA,NA,NA,NA,NA,NA,NA,92.9
1989,12,0.849000334739685,0.389558285474777,NA,NA,NA,NA,NA,NA,NA,NA,NA,NA,NA,NA,NA,NA,5.6
1990,1,0.775562524795532,0.517893970012665,NA,NA,NA,NA,NA,NA,NA,NA,NA,NA,NA,NA,NA,NA,14.9
1990,2,0.184189051389694,0.0200193058699369,NA,NA,NA,NA,NA,NA,NA,NA,NA,NA,NA,NA,NA,NA,4.8
1990,3,0.73034679889679,0.184902310371399,NA,NA,NA,NA,NA,NA,NA,NA,NA,NA,NA,NA,NA,NA,18
1990,4,0.51073282957077,0.189138039946556,NA,NA,NA,NA,NA,NA,NA,NA,NA,NA,NA,NA,NA,NA,41.8
1990,5,6.07420825958252,7.99426460266113,NA,NA,NA,NA,NA,NA,NA,NA,NA,NA,NA,NA,NA,NA,488.5
1990,6,4.98505973815918,2.25124597549438,NA,NA,NA,NA,NA,NA,NA,NA,NA,NA,NA,NA,NA,NA,528.6
1990,7,6.90019989013672,2.94129705429077,NA,NA,NA,NA,NA,NA,NA,NA,NA,NA,NA,NA,NA,NA,635.4
1990,8,3.48639535903931,7.35340118408203,NA,NA,NA,NA,NA,NA,NA,NA,NA,NA,NA,NA,NA,NA,370.8
1990,9,2.97921848297119,0.957682132720947,NA,NA,NA,NA,NA,NA,NA,NA,NA,NA,NA,NA,NA,NA,103.3
1990,10,5.85784816741943,2.09902906417847,NA,NA,NA,NA,NA,NA,NA,NA,NA,NA,NA,NA,NA,NA,323.2
1990,11,2.76087355613708,1.34602856636047,NA,NA,NA,NA,NA,NA,NA,NA,NA,NA,NA,NA,NA,NA,158.8
1990,12,1.60740327835083,0.189662501215935,NA,NA,NA,NA,NA,NA,NA,NA,NA,NA,NA,NA,NA,NA,5.2
1991,1,1.16541743278503,0.0686186403036118,NA,NA,NA,NA,NA,NA,NA,NA,NA,NA,NA,NA,NA,NA,10.9
1991,2,0.133209645748138,0.0282906126230955,NA,NA,NA,NA,NA,NA,NA,NA,NA,NA,NA,NA,NA,NA,4.4
1991,3,0.534489989280701,0.0551755726337433,NA,NA,NA,NA,NA,NA,NA,NA,NA,NA,NA,NA,NA,NA,33.2
1991,4,0.95119035243988,0.27554127573967,NA,NA,NA,NA,NA,NA,NA,NA,NA,NA,NA,NA,NA,NA,97
1991,5,2.02208423614502,1.78380525112152,NA,NA,NA,NA,NA,NA,NA,NA,NA,NA,NA,NA,NA,NA,113.4
1991,6,14.6768493652344,10.446270942688,NA,NA,NA,NA,NA,NA,NA,NA,NA,NA,NA,NA,NA,NA,1096.1
1991,7,9.17017078399658,5.29501724243164,NA,NA,NA,NA,NA,NA,NA,NA,NA,NA,NA,NA,NA,NA,905.5
1991,8,5.67728519439697,1.64841890335083,NA,NA,NA,NA,NA,NA,NA,NA,NA,NA,NA,NA,NA,NA,465.5
1991,9,0.891450226306915,2.86119246482849,NA,NA,NA,NA,NA,NA,NA,NA,NA,NA,NA,NA,NA,NA,48.5
1991,10,3.09676551818848,0.998618483543396,NA,NA,NA,NA,NA,NA,NA,NA,NA,NA,NA,NA,NA,NA,307.8
1991,11,2.05693769454956,0.44357368350029,NA,NA,NA,NA,NA,NA,NA,NA,NA,NA,NA,NA,NA,NA,99.9
1991,12,1.27002310752869,0.0678365603089333,NA,NA,NA,NA,NA,NA,NA,NA,NA,NA,NA,NA,NA,NA,2.3
1992,1,0.248180270195007,0.0570478513836861,NA,NA,NA,NA,NA,NA,NA,NA,NA,NA,NA,NA,NA,NA,2.4
1992,2,0.111742220818996,0.00830559618771076,NA,NA,NA,NA,NA,NA,NA,NA,NA,NA,NA,NA,NA,NA,0.9
1992,3,0.0789046585559845,0.0157193653285503,NA,NA,NA,NA,NA,NA,NA,NA,NA,NA,NA,NA,NA,NA,0.1
1992,4,0.815801024436951,0.218132302165031,NA,NA,NA,NA,NA,NA,NA,NA,NA,NA,NA,NA,NA,NA,43
1992,5,7.33247470855713,0.646558463573456,NA,NA,NA,NA,NA,NA,NA,NA,NA,NA,NA,NA,NA,NA,218.4
1992,6,7.98561000823975,9.24990653991699,NA,NA,NA,NA,NA,NA,NA,NA,NA,NA,NA,NA,NA,NA,819.3
1992,7,9.99378776550293,8.20734405517578,NA,NA,NA,NA,NA,NA,NA,NA,NA,NA,NA,NA,NA,NA,767.8
1992,8,8.4995174407959,4.83961248397827,NA,NA,NA,NA,NA,NA,NA,NA,NA,NA,NA,NA,NA,NA,508
1992,9,5.27520751953125,4.99400806427002,NA,NA,NA,NA,NA,NA,NA,NA,NA,NA,NA,NA,NA,NA,297.5
1992,10,2.33491945266724,1.42229580879211,NA,NA,NA,NA,NA,NA,NA,NA,NA,NA,NA,NA,NA,NA,290.7
1992,11,4.97512435913086,0.945512413978577,NA,NA,NA,NA,NA,NA,NA,NA,NA,NA,NA,NA,NA,NA,287.6
1992,12,2.73096966743469,0.354679763317108,NA,NA,NA,NA,NA,NA,NA,NA,NA,NA,NA,NA,NA,NA,3.7
1993,1,0.34139558672905,0.042425874620676,NA,NA,NA,NA,NA,NA,NA,NA,NA,NA,NA,NA,NA,NA,0
1993,2,0.152217671275139,0.0338909924030304,NA,NA,NA,NA,NA,NA,NA,NA,NA,NA,NA,NA,NA,NA,17.8
1993,3,0.528524279594421,0.148258522152901,NA,NA,NA,NA,NA,NA,NA,NA,NA,NA,NA,NA,NA,NA,20.1
1993,4,0.856402099132538,0.259751707315445,NA,NA,NA,NA,NA,NA,NA,NA,NA,NA,NA,NA,NA,NA,66.5
1993,5,5.08548259735107,0.965934693813324,NA,NA,NA,NA,NA,NA,NA,NA,NA,NA,NA,NA,NA,NA,159
1993,6,11.1145858764648,10.536810874939,NA,NA,NA,NA,NA,NA,NA,NA,NA,NA,NA,NA,NA,NA,657.1
1993,7,7.49383163452148,4.19684886932373,NA,NA,NA,NA,NA,NA,NA,NA,NA,NA,NA,NA,NA,NA,776.1
1993,8,5.08771753311157,1.64420652389526,NA,NA,NA,NA,NA,NA,NA,NA,NA,NA,NA,NA,NA,NA,301.9
1993,9,4.02626037597656,1.63397979736328,NA,NA,NA,NA,NA,NA,NA,NA,NA,NA,NA,NA,NA,NA,88
1993,10,4.45492076873779,5.48489093780518,NA,NA,NA,NA,NA,NA,NA,NA,NA,NA,NA,NA,NA,NA,431.2
1993,11,7.29692220687866,4.27950286865234,NA,NA,NA,NA,NA,NA,NA,NA,NA,NA,NA,NA,NA,NA,153.8
1993,12,2.16056203842163,0.606331944465637,NA,NA,NA,NA,NA,NA,NA,NA,NA,NA,NA,NA,NA,NA,46.2
1994,1,0.841042757034302,0.626535773277283,NA,NA,NA,NA,NA,NA,NA,NA,NA,NA,NA,NA,NA,NA,24.3
1994,2,0.485635221004486,0.0131196109578013,NA,NA,NA,NA,NA,NA,NA,NA,NA,NA,NA,NA,NA,NA,27.1
1994,3,0.714484572410583,0.111473947763443,NA,NA,NA,NA,NA,NA,NA,NA,NA,NA,NA,NA,NA,NA,18.1
1994,4,1.69845223426819,0.611372709274292,NA,NA,NA,NA,NA,NA,NA,NA,NA,NA,NA,NA,NA,NA,154.5
1994,5,6.32403564453125,2.39357852935791,NA,NA,NA,NA,NA,NA,NA,NA,NA,NA,NA,NA,NA,NA,141.3
1994,6,10.5515441894531,10.2737693786621,NA,NA,NA,NA,NA,NA,NA,NA,NA,NA,NA,NA,NA,NA,845
1994,7,6.89759826660156,1.93356823921204,NA,NA,NA,NA,NA,NA,NA,NA,NA,NA,NA,NA,NA,NA,955.5
1994,8,5.96378707885742,3.17953872680664,NA,NA,NA,NA,NA,NA,NA,NA,NA,NA,NA,NA,NA,NA,479.9
1994,9,2.33509850502014,0.96935373544693,NA,NA,NA,NA,NA,NA,NA,NA,NA,NA,NA,NA,NA,NA,212.6
1994,10,8.20532417297363,1.65661954879761,NA,NA,NA,NA,NA,NA,NA,NA,NA,NA,NA,NA,NA,NA,428.4
1994,11,5.5385799407959,2.28897094726562,NA,NA,NA,NA,NA,NA,NA,NA,NA,NA,NA,NA,NA,NA,117.6
1994,12,0.446365386247635,0.0296743214130402,NA,NA,NA,NA,NA,NA,NA,NA,NA,NA,NA,NA,NA,NA,6.5
1995,1,0.89012199640274,0.6935133934021,NA,NA,NA,NA,NA,NA,NA,NA,NA,NA,NA,NA,NA,NA,10.3
1995,2,0.454448491334915,0.0242156982421875,NA,NA,NA,NA,NA,NA,NA,NA,NA,NA,NA,NA,NA,NA,6.5
1995,3,0.442343533039093,0.04379678145051,NA,NA,NA,NA,NA,NA,NA,NA,NA,NA,NA,NA,NA,NA,37.3
1995,4,1.21577715873718,0.283956468105316,NA,NA,NA,NA,NA,NA,NA,NA,NA,NA,NA,NA,NA,NA,134.9
1995,5,2.71015763282776,0.700713276863098,NA,NA,NA,NA,NA,NA,NA,NA,NA,NA,NA,NA,NA,NA,355.6
1995,6,5.63042163848877,10.8114366531372,NA,NA,NA,NA,NA,NA,NA,NA,NA,NA,NA,NA,NA,NA,493.4
1995,7,7.74865007400513,9.32403182983398,NA,NA,NA,NA,NA,NA,NA,NA,NA,NA,NA,NA,NA,NA,702.5
1995,8,8.63498401641846,6.49996614456177,NA,NA,NA,NA,NA,NA,NA,NA,NA,NA,NA,NA,NA,NA,457.3
1995,9,1.27921056747437,1.49452137947083,NA,NA,NA,NA,NA,NA,NA,NA,NA,NA,NA,NA,NA,NA,280
1995,10,2.47427296638489,2.25539755821228,NA,NA,NA,NA,NA,NA,NA,NA,NA,NA,NA,NA,NA,NA,198.3
1995,11,4.33159446716309,0.551945686340332,NA,NA,NA,NA,NA,NA,NA,NA,NA,NA,NA,NA,NA,NA,182.6
1995,12,0.384249269962311,0.0465855076909065,NA,NA,NA,NA,NA,NA,NA,NA,NA,NA,NA,NA,NA,NA,0.1
1996,1,0.990779638290405,0.215212881565094,NA,NA,NA,NA,NA,NA,NA,NA,NA,NA,NA,NA,NA,NA,2.8
1996,2,0.409686625003815,0.0282494220882654,NA,NA,NA,NA,NA,NA,NA,NA,NA,NA,NA,NA,NA,NA,9.1
1996,3,0.373987048864365,0.0388853400945663,NA,NA,NA,NA,NA,NA,NA,NA,NA,NA,NA,NA,NA,NA,14.4
1996,4,1.66254949569702,0.384600549936295,NA,NA,NA,NA,NA,NA,NA,NA,NA,NA,NA,NA,NA,NA,124.3
1996,5,2.65288400650024,0.779338955879211,NA,NA,NA,NA,NA,NA,NA,NA,NA,NA,NA,NA,NA,NA,74.3
1996,6,10.3699560165405,11.0215797424316,NA,NA,NA,NA,NA,NA,NA,NA,NA,NA,NA,NA,NA,NA,572.4
1996,7,4.96011781692505,7.58416557312012,NA,NA,NA,NA,NA,NA,NA,NA,NA,NA,NA,NA,NA,NA,696
1996,8,6.61253023147583,2.87398958206177,NA,NA,NA,NA,NA,NA,NA,NA,NA,NA,NA,NA,NA,NA,327.4
1996,9,3.99347591400146,1.88028645515442,NA,NA,NA,NA,NA,NA,NA,NA,NA,NA,NA,NA,NA,NA,342.7
1996,10,3.93609285354614,3.23963522911072,NA,NA,NA,NA,NA,NA,NA,NA,NA,NA,NA,NA,NA,NA,294.1
1996,11,1.91350781917572,0.391539394855499,NA,NA,NA,NA,NA,NA,NA,NA,NA,NA,NA,NA,NA,NA,89.9
1996,12,4.35350561141968,7.22804975509644,NA,NA,NA,NA,NA,NA,NA,NA,NA,NA,NA,NA,NA,NA,62.5
1997,1,0.180953741073608,0.0509850233793259,NA,NA,NA,NA,NA,NA,NA,NA,NA,NA,NA,NA,NA,NA,2.1
1997,2,0.103702776134014,0.00974166486412287,NA,NA,NA,NA,NA,NA,NA,NA,NA,NA,NA,NA,NA,NA,1.5
1997,3,0.453063696622849,0.0264334157109261,NA,NA,NA,NA,NA,NA,NA,NA,NA,NA,NA,NA,NA,NA,36.1
1997,4,0.918177604675293,0.209838479757309,NA,NA,NA,NA,NA,NA,NA,NA,NA,NA,NA,NA,NA,NA,60.6
1997,5,3.03003239631653,0.126498118042946,NA,NA,NA,NA,NA,NA,NA,NA,NA,NA,NA,NA,NA,NA,133.6
1997,6,5.640212059021,6.7088680267334,NA,NA,NA,NA,NA,NA,NA,NA,NA,NA,NA,NA,NA,NA,544.2
1997,7,10.9460544586182,6.49687480926514,NA,NA,NA,NA,NA,NA,NA,NA,NA,NA,NA,NA,NA,NA,970.5
1997,8,5.31061172485352,2.14992666244507,NA,NA,NA,NA,NA,NA,NA,NA,NA,NA,NA,NA,NA,NA,536
1997,9,4.05004119873047,0.871880054473877,NA,NA,NA,NA,NA,NA,NA,NA,NA,NA,NA,NA,NA,NA,292.2
1997,10,4.78413581848145,1.05141568183899,NA,NA,NA,NA,NA,NA,NA,NA,NA,NA,NA,NA,NA,NA,288.9
1997,11,5.7555365562439,2.03913855552673,NA,NA,NA,NA,NA,NA,NA,NA,NA,NA,NA,NA,NA,NA,298.4
1997,12,3.61281633377075,2.51891899108887,NA,NA,NA,NA,NA,NA,NA,NA,NA,NA,NA,NA,NA,NA,88.4
1998,1,0.764862656593323,0.0892100557684898,0.00096,0.00202,0.00416,0.04255,0.00177,0.00472,0.00583,0.01106,0.05888,0.03558,0.02341,0.04569,0.02662,0.00456,6
1998,2,0.078505851328373,0.0379781648516655,0.00159,0.0068,0.00534,0.00926,0.00611,0.00037,0.00191,0.00472,0.00439,0.01201,0.00025,0.00639,0.00055,0.00061,2.1
1998,3,0.228323772549629,0.0649177730083466,0.00256,0.01315,0.01623,0.03699,0.02481,0.00064,0.00422,0.01539,0.01387,0.0202,0.0082,0.01943,0.01617,0.00078,8.1
1998,4,0.961026310920715,0.0408322587609291,0.03585,0.05297,0.06726,0.16725,0.13224,0.00636,0.00869,0.07585,0.15285,0.07991,0.10322,0.07856,0.08635,0.01368,61.1
1998,5,4.35822772979736,1.43069434165955,0.17194,0.29682,0.30258,0.28424,0.34641,0.23923,0.27685,0.25968,0.26549,0.33885,0.28269,0.31187,0.27563,0.11258,151.6
1998,6,9.37233924865723,11.9316291809082,1.6725,1.41584,1.2519,0.8855,0.39344,1.20416,1.11751,1.09999,0.86187,0.50605,0.74572,0.47447,0.44674,0.88474,732.5
1998,7,7.47706508636475,9.16599559783936,1.43764,1.2451,0.90693,0.55567,0.28469,0.82834,0.5803,0.61496,0.3761,0.38634,0.35556,0.39686,0.38836,0.99371,641.4
1998,8,6.1860818862915,6.41689443588257,0.59402,0.50908,0.41851,0.50127,0.27169,0.43602,0.41077,0.3947,0.40431,0.28242,0.29821,0.21459,0.23203,0.59732,371.8
1998,9,6.66083002090454,8.34890365600586,0.93056,0.70633,0.6848,0.67142,0.50143,0.64006,0.60636,0.61337,0.4775,0.44134,0.35572,0.33419,0.29784,0.60123,517.6
1998,10,8.79227542877197,4.75877475738525,0.48028,0.64175,0.56667,0.56448,0.58673,0.41771,0.53033,0.45627,0.32373,0.39482,0.28202,0.22291,0.20352,0.34772,444.8
1998,11,4.28297233581543,1.97067725658417,0.11011,0.17388,0.16882,0.21976,0.33866,0.13252,0.2129,0.30431,0.33428,0.31521,0.34398,0.26367,0.1768,0.09294,135
1998,12,5.01843929290771,6.74911499023438,0.06004,0.08161,0.09506,0.19931,0.32184,0.08069,0.12397,0.1367,0.25044,0.23504,0.32421,0.24284,0.40771,0.01292,79.4
1999,1,0.352422147989273,0.0194498635828495,0.00176,0.00186,0.00166,0.01513,0.0143,0.01732,0.00064,0.00492,0.01883,0.02568,0.01768,0.02531,0.01983,0.00229,1.8
1999,2,0.343691021203995,0.0493563562631607,0.00297,0.00544,0.0091,0.04705,0.12819,0.00068,0.00919,0.01262,0.02018,0.05048,0.01098,0.04124,0.03463,0.00231,23.8
1999,3,0.363562971353531,0.00897778663784266,0.00257,0.02236,0.03695,0.04932,0.04322,0.00051,0.0028,0.01407,0.037711693,0.04404,0.00935,0.04383,0.00734,0.00045,21.4
1999,4,0.863630712032318,0.00621059676632285,0.03979,0.11602,0.13909,0.32199,0.26115,0.00717,0.05114,0.08414,0.17328645,0.25053,0.07176,0.09645,0.05066,0.02,111.6
1999,5,9.58530330657959,7.9175386428833,0.73397,0.65172,0.63575,0.66095,0.56315,0.78041,0.55757,0.54126,0.396265122,0.47504,0.44422,0.46195,0.47851,0.37308,453.2
1999,6,4.77598857879639,3.74410223960876,1.18151,0.88343,0.8369,0.67203,0.55899,0.75925,0.49842,0.5753,0.438286416,0.4402,0.37727,0.30707,0.34125,0.91152,607.3
1999,7,10.0632219314575,13.0275192260742,1.87436,1.2911,0.91001,0.66762,0.33545,1.28066,1.03972,0.8568,0.654319586,0.36115,0.60929,0.40965,0.48455,1.40704,700.4
1999,8,3.36248278617859,0.2173952460289,0.68297,0.44436,0.28864,0.29758,0.13609,0.31101,0.22588,0.22123,0.251776701,0.19153,0.20704,0.19749,0.17339,0.33542,266.3
1999,9,2.0868353843689,0.908861756324768,0.26528,0.12668,0.08137,0.16738,0.09141,0.16027,0.14361,0.11708,0.166804684,0.15526,0.14121,0.15649,0.12925,0.20332,88
1999,10,9.20065021514893,6.11323118209839,0.58695,0.62288,0.64323,0.84873,0.79102,0.39702,0.40546,0.43637,0.499186009,0.56866,0.41119,0.39874,0.35972,0.34417,567.9
1999,11,2.77436137199402,1.53800368309021,0.06836,0.11672,0.12635,0.19972,0.17857,0.05922,0.09761,0.09712,0.1498776,0.12266,0.11944,0.10333,0.10225,0.00833,68.1
1999,12,1.63456523418427,0.0252020079642534,0.00987,0.00458,0.00757,0.0228,0.01699,0.00604,0.0224,0.01968,0.035236895,0.03805,0.05679,0.051,0.10255,0.00085,4.9
2000,1,2.53483438491821,0.0750157758593559,0.0159,0.01255,0.01185,0.03027,0.0187,0.02901,0.03383,0.0227,0.035105847,0.02575,0.04158,0.05213,0.15069,0.00494,11.7
2000,2,1.48258137702942,0.031640887260437,0.00251,0.01187,0.04475,0.15725,0.22917,0.00073,0.01858,0.01668,0.053593751,0.10722,0.03324,0.05261,0.0667,0.00202,57.8
2000,3,0.33532589673996,0.0167261492460966,0.00238,0.00353,0.01161,0.07241,0.0413,0.00306,0.00876,0.0051,0.01585211,0.06603,0.00234,0.05219,0.02353,0.00102,21.5
2000,4,2.77897500991821,0.152462035417557,0.08862,0.13233,0.12707,0.17894,0.21034,0.0712,0.0956,0.11142,0.121908853,0.19228,0.06998,0.20192,0.18733,0.04873,96.3
2000,5,6.86714220046997,4.47265625,0.35013,0.2666,0.20364,0.2115,0.07342,0.28214,0.22589,0.23866,0.252961184,0.18671,0.23089,0.25452,0.26732,0.26309,124.5
2000,6,7.76177501678467,8.25240325927734,1.44702,1.16698,0.87399,0.77577,0.47825,1.12824,1.00832,0.87293,0.665270842,0.52774,0.55587,0.4456,0.44283,1.01865,633.8
2000,7,2.5900297164917,4.17883157730103,1.07761,0.76993,0.50425,0.40945,0.15283,0.68152,0.48077,0.46244,0.311960688,0.22811,0.20049,0.24099,0.18232,1.04955,343.2
2000,8,6.17440271377563,4.84576892852783,0.84059,0.84543,0.61524,0.71138,0.55368,0.6437,0.55121,0.66771,0.461345761,0.46502,0.46953,0.43164,0.31372,0.78136,566.5
2000,9,5.01366233825684,2.50551509857178,0.22786,0.25278,0.2033,0.39235,0.31149,0.30425,0.35489,0.26591,0.414328105,0.30945,0.31833,0.2699,0.24421,0.26624,195.8
2000,10,4.05433988571167,4.27129554748535,0.28921,0.36386,0.32394,0.29132,0.19552,0.21071,0.19752,0.30183,0.295244439,0.24491,0.27558,0.19534,0.1934,0.22205,214.2
2000,11,2.60670280456543,0.549152314662933,0.03526,0.20187,0.21619,0.22366,0.2048,0.06436,0.25369,0.24972,0.214742184,0.19075,0.19126,0.18642,0.13215,0.01153,78.1
2000,12,0.545012176036835,0.386727899312973,0.03408,0.09641,0.08205,0.06623,0.12816,0.02945,0.07838,0.06048,0.055206651,0.04825,0.03532,0.01547,0.01081,0.00307,69.1
2001,1,1.33843863010406,0.0808506533503532,0.00371,0.01449,0.02219,0.03139,0.0406,0.00285,0.00517,0.02079,0.05125,0.06068,0.05998,0.10055,0.11107,0.00443,20
2001,2,1.38958513736725,0.0969181805849075,0.00317,0.01943,0.07423,0.12062,0.04755,0.00045,0.0182,0.21989,0.11507,0.049,0.07795,0.09566,0.0554,0.00049,29.2
2001,3,0.00650631450116634,0.0291030295193195,0.00156,0.00146,0.00486,0.01158,0.01659,0.00043,0.00093,0.00765,0.0122,0.015,0.00427,0.0028,0.00393,0.00096,6.9
2001,4,6.23945474624634,0.160888105630875,0.15465,0.27373,0.38778,0.41581,0.33149,0.10536,0.14657,0.18744,0.28093,0.34543,0.19921,0.29128,0.28761,0.09494,229.8
2001,5,8.54670906066895,5.87454891204834,0.36883,0.49505,0.46721,0.47894,0.23597,0.33656,0.45216,0.50973,0.5532,0.38796,0.4848,0.40786,0.41309,0.16472,246.7
2001,6,9.75711917877197,4.52349758148193,1.18133,0.923,0.89053,0.8271,0.26961,0.88993,0.91509,0.99635,0.86626,0.57203,0.68091,0.56793,0.51333,0.55316,709.2
2001,7,8.38328647613525,4.22387075424194,1.00392,0.78298,0.62518,0.56057,0.33105,1.14745,0.97416,0.70432,0.73213,0.54828,0.59378,0.64119,0.49043,0.72807,587.4
2001,8,4.1035532951355,2.43096399307251,0.54086,0.43553,0.30984,0.21701,0.19825,0.3707,0.30297,0.26065,0.25741,0.21486,0.24314,0.23238,0.21355,0.42045,347.9
2001,9,6.36441421508789,3.1928083896637,0.2926,0.23559,0.24234,0.34839,0.3987,0.32795,0.34435,0.30791,0.24716,0.35141,0.25555,0.28662,0.31585,0.22779,224.8
2001,10,2.86751389503479,1.15084767341614,0.31494,0.30141,0.35511,0.36917,0.2655,0.20394,0.21973,0.25788,0.32421,0.37735,0.2425,0.28767,0.18621,0.15293,319.9
2001,11,2.1614818572998,0.214265838265419,0.14599,0.17252,0.24943,0.26389,0.19688,0.10699,0.15126,0.21519,0.21403,0.11069,0.14536,0.12716,0.15667,0.04721,178
2001,12,0.488463938236237,0.110165804624557,0.01498,0.00425,0.00347,0.03163,0.06054,0.02028,0.01153,0.00817,0.02292,0.04633,0.01574,0.03034,0.04322,0.0039,10.8
2002,1,0.243876188993454,0.00484539056196809,0.00203,0.00522,0.00481,0.01002,0.01213,0.00249,0.001,0.00414412,0.00284,0.0105,0.00951,0.00488,0.01558,0.00325,6.6
2002,2,1.56775295734406,0.135609745979309,0.00594,0.00539,0.01344,0.05841,0.03336,0.00684,0.00988,0.02002,0.06124,0.05809,0.09657,0.04397,0.03548,0.01413,9.8
2002,3,0.567552506923676,0.0104490788653493,0.00348,0.011,0.02196,0.05189,0.05764,0.00079,0.00196,0.0295,0.06399,0.02523,0.04706,0.02966,0.02434,0.00065,34.5
2002,4,1.80847477912903,0.0251008216291666,0.04563,0.0918,0.11353,0.16015,0.15231,0.03766,0.05165,0.10427,0.10468,0.15395,0.05399,0.11455,0.0765,0.02651,116.9
2002,5,7.23056983947754,5.40919780731201,0.42736,0.51953,0.59956,0.57884,0.30545,0.37066,0.47969,0.60942,0.66461,0.15395,0.54364,0.70544,0.54104,0.22269,340.7
2002,6,8.03288650512695,15.1181907653809,0.87771,0.75223,0.69342,0.50724,0.16768,0.85354,0.73594,0.68792,0.52396,0.37205,0.47465,0.43395,0.45623,0.70524,491
2002,7,3.05325174331665,0.265894025564194,0.51311,0.48366,0.478,0.34527,0.10462,0.34652,0.3885,0.40237,0.36349,0.22752,0.21225,0.20316,0.137,0.38155,318.9
2002,8,5.15415477752686,2.06971120834351,0.53207,0.57044,0.58625,0.43574,0.15928,0.49311,0.47773,0.44275,0.39794,0.26042,0.42258,0.41287,0.42929,0.51978,422.2
2002,9,0.819526553153992,1.07057356834412,0.21697,0.14224,0.1255,0.12817,0.07605,0.1919,0.14493,0.09674,0.09864,0.09192,0.04494,0.05144,0.02292,0.14718,89.8
2002,10,6.91884231567383,4.8772554397583,0.75405,0.81282,0.94593,0.7253,0.49325,0.55591,0.57767,0.69642,0.67484,0.49157,0.4405,0.35692,0.36397,0.38609,486.7
2002,11,3.56582474708557,0.692403078079224,0.09593,0.18995,0.22071,0.26224,0.29652,0.082,0.09442,0.17073,0.24439,0.26353,0.18804,0.23055,0.21653,0.03969,137.9
2002,12,1.01525366306305,0.0919568464159966,0.00483,0.00498,0.01323,0.01225,0.01069,0.0046,0.00441,0.01718,0.01213,0.01019,0.00519,0.02221,0.01621,0.00158,2.3
2003,1,0.388717591762543,0.564833998680115,0.00814,0.00467,0.00121,0.00642,0.00683,0.00269,0.01872,0.00745,0.00402,0.00973,0.00626,0.00809,0.01591,0.00058,1.2
2003,2,1.22252511978149,0.0330816954374313,0.00919,0.06717,0.18229,0.24073,0.11384,0.00353,0.01501,0.10705,0.14741,0.088,0.08506,0.10614,0.11228,0.00527,52.9
2003,3,0.531384766101837,0.0670879110693932,0.00551,0.00852,0.05335,0.14042,0.09409,0.00117,0.00311,0.03171,0.06545,0.10624,0.03756,0.0346,0.01719,0.01265,66.2
2003,4,1.66034400463104,0.00947931781411171,0.09037,0.1922,0.19867,0.22697,0.17547,0.02808,0.04719,0.12113,0.14182,0.18093,0.08659,0.21521,0.12836,0.05154,128.1
2003,5,2.07608604431152,0.120408706367016,0.03087,0.09568,0.16743,0.19102,0.07765,0.02116,0.06705,0.20062,0.20403,0.17218,0.1105,0.11793,0.09076,0.01365,89
2003,6,11.1878690719604,9.7852897644043,1.57506,1.23778,0.89494,0.62736,0.23618,1.06873,0.93651,0.77254,0.59934,0.48286,0.61886,0.53212,0.54929,0.80119,534.6
2003,7,9.11515712738037,7.88672304153442,0.96978,0.89817045,0.72338,0.628,0.203,0.92414,0.91089,0.78519,0.55139,0.45725,0.50486,0.43908,0.39138,0.71305,501.6
2003,8,3.2374279499054,1.22464776039124,0.57905,0.40092,0.39839,0.43647,0.14708,0.40316,0.4116,0.34,0.33974,0.26912,0.19775,0.19136,0.10877,0.4137,327.1
2003,9,1.91700029373169,0.95478081703186,0.20527,0.17289,0.15944,0.1389,0.04291,0.18812,0.17085,0.18989,0.16814,0.14343,0.10397,0.13753,0.12919,0.17873,92.6
2003,10,7.39312934875488,3.00461888313293,0.28612,0.32036,0.56291,0.76977,0.58021,0.37542,0.44787,0.48456,0.55257,0.46303,0.43613,0.38012,0.34885,0.2019,388.7
2003,11,5.2595100402832,0.803797662258148,0.08279,0.16479,0.13302,0.14389,0.15959,0.06616,0.13624,0.14575,0.13865,0.1044,0.14327,0.14014,0.20441,0.0185,85.9
2003,12,0.306696265935898,0.00223156297579408,0.00266,0.00546,0.00077,0.01353,0.00712,0.00109,0.01323,0.00847,0.00769,0.00719,0.00513,0.00515,0.01428,0.00402,7.9
2004,1,0.305025547742844,0.0824547335505486,0.00162,0.00657,0.00955,0.02245,0.00884,0.00131,0.00595,0.01735,0.01647,0.02181,0.00844,0.00954,0.01364,0.00044,2.7
2004,2,0.136411175131798,0.0483368821442127,0.00209,0.00458,0.00281,0.02093,0.01441,0.00039,0.00046,0.01124,0.03387,0.04225,0.00196,0.03526,0.01696,0.00042,6.2
2004,3,0.252644956111908,0.0414466261863708,0.01514,0.03223,0.02061,0.09398,0.09536,0.00713,0.03644,0.03789,0.06584,0.13308,0.03869,0.05162,0.0319,0.00848,34.6
2004,4,1.92673754692078,0.08830276876688,0.04474,0.11853,0.12847,0.12795,0.14734,0.01232,0.08942,0.11716,0.07876,0.15639,0.0789,0.12835,0.06489,0.02801,109.3
2004,5,7.37846183776855,11.0365629196167,0.72178,0.81693,0.89343,0.82216,0.52316,0.60016,0.48763,0.70144,0.63627,0.65403,0.65233,0.62424,0.48814,0.35258,597.9
2004,6,7.10382747650146,9.36906147003174,0.97154,0.94089,0.85558,0.66297,0.37691,0.77678,0.59723,0.58046,0.54795,0.51208,0.42167,0.5715,0.48814,0.61277,693.4
2004,7,6.83276414871216,3.19598984718323,0.82253,0.60435,0.49002,0.40767,0.21903,0.47494,0.60901,0.52946,0.49504,0.30972,0.41053,0.38651,0.37135,0.65554,398.2
2004,8,4.16154050827026,2.45109343528748,0.73738,0.57615,0.48144,0.32813,0.13692,0.44445,0.46834,0.40551,0.29792,0.22152,0.28273,0.18835,0.14374,0.50964,439.3
2004,9,4.86425971984863,5.47481393814087,0.18205,0.23029,0.21641,0.27,0.29264,0.30557,0.22026,0.23563,0.25175,0.26539,0.23097,0.28562,0.29932,0.23474,192
2004,10,6.20078277587891,1.37138235569,0.38358,0.44665,0.53162,0.5165,0.29855,0.33365,0.36267,0.33,0.30412,0.3131,0.26518,0.29521,0.2762,0.14055,317.8
2004,11,3.78111958503723,3.78759431838989,0.14889,0.15679,0.19953,0.1678,0.15356,0.06661,0.08939,0.14222,0.15539,0.10608,0.15608,0.1784,0.17679,0.06218,118.5
2004,12,0.983672857284546,0.0203392952680588,0.00292,0.00109,0.00431,0.01025,0.01988,0.0014,0.00016,0.00138,0.00539,0.02359,0.00338,0.02791,0.0246,0.00079,1.4
2005,1,0.573178768157959,0.174344718456268,0.00383,0.03892,0.05298,0.06677,0.01736,0.00292,0.02785,0.09377,0.05045,0.06977,0.04019,0.04664,0.0184,0.00355,18.7
2005,2,0.18951179087162,0.0494073331356049,0.00152,0.00251,0.00162,0.0207,0.01632,0.00109,0.00165,0.00463,0.02155,0.0495,0.01638,0.03879,0.01714,0.00066,6.6
2005,3,0.0989744663238525,0.0339582040905952,0.00234,0.00354,0.01741,0.04832,0.04902,0.00061,8e-05,0.00288,0.01168,0.03585,0.00107,0.02099,0.01076,0.00113,25.8
2005,4,4.68660497665405,0.223668843507767,0.09776,0.13582,0.18676,0.31069,0.38118,0.06446,0.11051,0.23013,0.42923,0.35269,0.51793,0.36799,0.26546,0.07179,202.9
2005,5,4.76832914352417,0.529728889465332,0.0918,0.12252,0.17005,0.2632,0.19677,0.08321,0.27204,0.2239,0.27789,0.2589,0.26672,0.32998,0.25811,0.06988,137.3
2005,6,6.08137989044189,9.04288768768311,0.94081,0.79414,0.7767,0.65812,0.28038,0.75503,0.68502,0.54087,0.51585,0.30262,0.43824,0.33695,0.33435,0.72609,634.9
2005,7,7.36487245559692,7.85876846313477,0.86309,0.8251,0.77548,0.64041,0.26149,0.7469,0.76701,0.73014,0.63592,0.42539,0.6377,0.6779,0.53857,0.95234,877.1
2005,8,2.0477020740509,0.6456019282341,0.52342,0.40206,0.27698,0.22652,0.0845,0.2909,0.43423,0.29106,0.18317,0.13263,0.227,0.10458,0.1189,0.44862,301.4
2005,9,8.80365562438965,7.68853139877319,0.37748,0.37432,0.43892,0.36908,0.19708,0.40344,0.42323,0.38899,0.40843,0.22136,0.37281,0.2554,0.22702,0.39558,431.3
2005,10,4.60049819946289,3.17066121101379,0.22989,0.30627,0.34762,0.41304,0.29208,0.22221,0.36154,0.35857,0.33426,0.36688,0.27563,0.28989,0.25636,0.18961,250.5
2005,11,5.09505319595337,4.0850830078125,0.13282,0.30341,0.28559,0.4097,0.4506,0.14438,0.21271,0.28748,0.50062,0.43665,0.52961,0.35645,0.37254,0.02181,202
2005,12,2.88397264480591,1.56889736652374,0.01691,0.02788,0.02447,0.10705,0.16771,0.02708,0.06222,0.05443,0.12056,0.2056,0.12958,0.24561,0.13882,0.01093,62.5
2006,1,2.56861805915833,0.0225978307425976,0.00787,0.01527,0.00823,0.01088,0.04802,0.00748,0.01364,0.01301,0.02366,0.06702,0.02455,0.07682,0.05891,0.00405,9
2006,2,0.0481577813625336,0.0194203741848469,0.00165,0.00428,0.00104,0.01499,0.01393,0.00026,0.00152,0.00078,0.00213,0.00448,0.00025,0.00144,0.00044,0.00096,0.6
2006,3,0.913636445999146,0.0784499570727348,0.00428,0.04401,0.07911,0.12904,0.09739,0.00225,0.00178,0.02904,0.06179,0.10105,0.01586,0.06528,0.03054,0.01955,80.1
2006,4,0.362008273601532,0.000948071829043329,0.0181,0.02692,0.0715,0.12639,0.11409,0.00275,0.00134,0.00262,0.06862,0.11263,0.0289,0.01812,0.01058,0.01663,73
2006,5,10.8720016479492,8.77129459381104,0.65698,0.66727,0.69571,0.57178,0.3104,0.4801,0.51532,0.63158,0.5089,0.56823,0.48684,0.54343,0.51629,0.3872,521.2
2006,6,6.6168041229248,10.0326728820801,0.96351,0.95297,0.84468,0.60593,0.19252,0.62534,0.62033,0.65365,0.5167,0.30228,0.45979,0.29595,0.31945,0.60057,577.1
2006,7,3.31761693954468,0.731335520744324,0.86317,0.81028,0.84468,0.63499,0.23022,0.50973,0.49459,0.54727,0.41747,0.353,0.35012,0.36179,0.31969,0.58908,569.4
2006,8,6.09955930709839,0.8886998295784,0.57427,0.61371,0.61545,0.51724,0.16885,0.39908,0.39413,0.40892,0.4797,0.36609,0.30139,0.3889,0.30381,0.50045,396.4
2006,9,9.59284400939941,5.84342050552368,0.61113,0.66658,0.66935,0.5873,0.38175,0.46513,0.46893,0.40998,0.51238,0.39539,0.50395,0.36318,0.42818,0.42485,481.2
2006,10,5.75492000579834,0.582285106182098,0.39397,0.49773,0.58884,0.8295,0.72353,0.29196,0.45077,0.52085,0.63888,0.58006,0.31394,0.36318,0.29771,0.21484,374.8
2006,11,6.54361343383789,4.32467794418335,0.24105,0.21391,0.36668,0.43671,0.30067,0.212,0.20743,0.34111,0.40642,0.28967,0.28884,0.25919,0.19091,0.13634,213
2006,12,1.612309217453,0.135306403040886,0.00334,0.00096,0.00056,0.00779,0.01374,0.00379,0.01303,0.00486,0.00543,0.01419,0.01631,0.01707,0.01932,0.00077,1.9
2007,1,0.266994953155518,0.25222983956337,0.00266,0.0014,0.00177,0.00191,0.00221,0.00171,0.00097,0.00038,0.0089,0.00315,0.00087,0.01054,0.00175,0.00076,0.4
2007,2,0.473033040761948,0.107959277927876,0.00338,0.00725,0.00237,0.0392,0.03579,0.01841,0.00901,0.01883,0.06518,0.02776,0.02394,0.04528,0.04086,0.00276,5.6
2007,3,0.0757289379835129,0.00758150313049555,0.00682,0.01271,0.0162,0.02747,0.02884,0.0027,0.01052,0.01842,0.03704,0.05863,0.02663,0.02294,0.0109,0.00391,8
2007,4,1.21519792079926,0.0247290916740894,0.10926,0.14344,0.17802,0.30144,0.3027,0.02993,0.04055,0.07716,0.18797,0.22797,0.08979,0.23177,0.10848,0.0588,143.4
2007,5,5.30102872848511,3.45454812049866,0.21127,0.44947,0.42497,0.33763,0.2323,0.22205,0.40475,0.5122,0.38064,0.28593,0.31177,0.36702,0.28759,0.12549,202.7
2007,6,11.9154233932495,15.9321517944336,1.25669,1.21918,1.04878,0.75953,0.40735,1.06676,1.21419,1.07618,0.84118,0.58424,0.73426,0.55769,0.57536,0.85678,737.4
2007,7,11.8939371109009,6.39913511276245,0.8451,1.19809,1.17771,0.91069,0.36387,0.75276,0.7466,0.82157,0.69809,0.63481,0.52342,0.58387,0.42853,0.73217,996.1
2007,8,6.19021701812744,6.15021657943726,0.91239,0.88174,0.70679,0.61469,0.26372,0.96261,0.87601,0.70909,0.6819,0.56118,0.46359,0.37024,0.36697,0.80128,502.5
2007,9,5.76932764053345,5.15619897842407,0.81425,0.72425,0.74657,0.63921,0.37097,0.47635,0.59297,0.5752,0.45929,0.42546,0.33532,0.31773,0.38728,0.69053,550.2
2007,10,5.97432708740234,4.86196327209473,0.23529,0.40586,0.5332,0.53991,0.43526,0.2646,0.40013,0.42271,0.35742,0.34692,0.27369,0.2882,0.22497,0.19053,366.1
2007,11,2.36295247077942,0.758065819740295,0.08941,0.17749,0.17255,0.22276,0.24499,0.07448,0.11422,0.13015,0.17214,0.18716,0.14382,0.1522,0.06691,0.07221,93.7
2007,12,3.06700086593628,0.802580714225769,0.00697,0.01149,0.0297,0.03317,0.02248,0.00738,0.00782,0.01265,0.04308,0.02409,0.12419,0.08906,0.28304,0.00259,13.4
2008,1,0.266640603542328,0.0108115747570992,0.0017,0.00239,0.00855,0.01047,0.01997,0.00059,0.00839,0.00991,0.00114,0.0097,0.00085,0.00037,8e-04,0.00062,0.8
2008,2,1.33019495010376,0.0608205497264862,0.01534,0.01747,0.04072,0.06731,0.06747,0.01875,0.0136,0.02688,0.0862,0.11131,0.00988,0.15155,0.13394,0.00929,29.7
2008,3,7.73561477661133,0.773652076721191,0.41957,0.36626,0.358,0.40052,0.40555,0.21093,0.32184,0.33959,0.44336,0.48894,0.36487,0.55585,0.4811,0.18953,216
2008,4,1.97569990158081,0.0207812283188105,0.08515,0.1564,0.21733,0.24789,0.20987,0.02102,0.03338,0.08988,0.10494,0.14809,0.12018,0.12485,0.10154,0.03744,103.7
2008,5,3.12493252754211,1.98566806316376,0.10881,0.13799,0.15258,0.19086,0.1345,0.10524,0.1322,0.18654,0.1993,0.18631,0.14183,0.17857,0.1887,0.08531,78.6
2008,6,7.76911735534668,6.19266319274902,1.11984,0.91883,0.77242,0.56854,0.12582,0.81358,0.67127,0.57548,0.54601,0.37267,0.45557,0.4142,0.33054,0.63256,478
2008,7,9.71778202056885,5.20492887496948,0.74573,0.71113,0.59083,0.64667,0.24537,0.89833,0.82789,0.76709,0.67542,0.4244,0.72113,0.46244,0.45742,0.59749,508.7
2008,8,6.02274084091187,1.90713584423065,0.66016,0.44595,0.37526,0.3675,0.21364,0.41234,0.45305,0.40162,0.32302,0.30421,0.30979,0.2599,0.32064,0.65737,347.8
2008,9,2.7278299331665,3.79764986038208,0.33449,0.39425,0.40625,0.44555,0.21852,0.25526,0.30185,0.30266,0.24146,0.18271,0.1559,0.14201,0.13568,0.35033,343.9
2008,10,8.31611156463623,4.59193086624146,0.38438,0.70567,0.67547,0.51814,0.43374,0.52286,0.6167,0.51189,0.50863,0.59492,0.3907,0.42783,0.35672,0.12139,354.1
2008,11,3.55480170249939,0.790060222148895,0.08347,0.05001,0.05314,0.16219,0.28387,0.08166,0.02905,0.08139,0.1696,0.20062,0.19127,0.15892,0.19301,0.06475,56.8
2008,12,4.119788646698,1.48093688488007,0.0304,0.02321,0.02373,0.08237,0.06513,0.01944,0.06664,0.04324,0.05074,0.0478,0.10366,0.06893,0.21961,0.01028,16.1
2009,1,0.63042801618576,0.030998295173049,0.00429,0.01636,0.00584,0.0157,0.01048,0.00045,0.01479,0.00445,0.00287,0.01819,0.00535,0.01534,0.01339,0.00046,3.2
2009,2,0.0805706307291985,0.0122355036437511,0.0021,0.00778,0.00228,0.01445,0.01057,7e-04,0.00601,0.00911,0.02673,0.01341,0.00464,0.01833,0.01477,0.00032,1.3
2009,3,0.212759658694267,0.0701550394296646,0.0152,0.03646,0.0483,0.07314,0.06738,0.01653,0.03925,0.03215,0.03895,0.04675,0.02057,0.01754,0.0062,0.01992,64.2
2009,4,3.21700811386108,0.0422527529299259,0.06653,0.0951,0.16586,0.2165,0.21663,0.02963,0.04574,0.07342,0.16264,0.2784,0.14154,0.21306,0.149,0.03512,67.8
2009,5,6.00824069976807,2.46934986114502,0.3099,0.27089,0.3785,0.46368,0.25221,0.25609,0.35424,0.51639,0.40877,0.34064,0.22507,0.30603,0.29958,0.14053,190.4
2009,6,8.23149394989014,11.0591192245483,0.72975,0.94912,0.81005,0.50451,0.19975,0.94243,0.89997,0.95486,0.44983,0.38822,0.36635,0.35933,0.39679,0.55842,433.6
2009,7,7.90804481506348,6.63106727600098,1.61319,1.60481,1.15547,0.61124,0.28817,1.07549,0.90488,0.74425,0.50403,0.33179,0.44229,0.27103,0.2466,1.1558,927.5
2009,8,5.39141750335693,4.62136888504028,0.62823,0.44279,0.3167,0.2325,0.12118,0.44794,0.47984,0.3463,0.26844,0.20228,0.24294,0.21765,0.21918,0.4442,270.3
2009,9,3.24146747589111,4.51501655578613,0.51238,0.46385,0.46723,0.38359,0.22127,0.53243,0.40195,0.39608,0.37245,0.28786,0.31342,0.22653,0.16728,0.54232,327.6
2009,10,1.99020862579346,1.53779268264771,0.1828,0.24983,0.20688,0.28525,0.21184,0.18072,0.23732,0.29146,0.29149,0.2682,0.25802,0.23995,0.16061,0.24709,210.1
2009,11,8.18322658538818,6.7785792350769,0.38055,0.59385,0.45885,0.5163,0.45158,0.3814,0.52326,0.48151,0.49477,0.42229,0.29058,0.32433,0.26289,0.19278,274.2
2009,12,2.98460483551025,0.8782599568367,0.10002,0.09928,0.0395,0.08478,0.06789,0.10205,0.11717,0.10573,0.12003,0.09277,0.16508,0.1271,0.24996,0.04687,45.7
2010,1,0.459417819976807,0.293222039937973,0.01966,0.01598,0.0179,0.06971,0.13422,0.06433,0.05942,0.03797,0.08015,0.13797,0.03596,0.0502,0.00538,0.01981,18.4
2010,2,0.302504926919937,0.0423671044409275,0.00102,0.00258,0.00073,0.00261,0.00878,0.00025,0.00031,0.00094,0.00034,0.0132,0.00013,0.00175,0.00422,0.00032,1
2010,3,0.223188385367393,0.0188525542616844,0.00457,0.006,0.02086,0.10478,0.08356,0.00094,0.00136,0.00245,0.023,0.05628,0.01644,0.003,0.00485,0.00376,31.9
2010,4,1.16969728469849,0.276646345853806,0.11436,0.1769,0.21558,0.20082,0.18716,0.19886,0.17112,0.12422,0.19539,0.10296,0.16503,0.07509,0.04787,0.05859,140.3
2010,5,6.55085229873657,0.698803544044495,0.18441,0.21967,0.30246,0.37398,0.24712,0.14627,0.15186,0.16761,0.21545,0.29637,0.17407,0.29591,0.28112,0.09736,189.8
2010,6,11.7170162200928,13.1553726196289,0.99898,1.10566,1.14944,0.92431,0.33486,0.88963,0.95369,0.95861,0.90261,0.6947,0.64068,0.62243,0.56844,0.69588,669.1
2010,7,8.31931304931641,10.6623420715332,1.3892,1.05222,0.87535,0.83386,0.34759,1.19895,0.92192,0.79918,0.75133,0.50387,0.57742,0.49949,0.47946,1.14802,630
2010,8,11.8770685195923,8.77203464508057,0.74055,0.50258,0.3526,0.37458,0.17634,0.70939,0.60803,0.52583,0.51512,0.36428,0.40879,0.42151,0.37259,0.64925,358.3
2010,9,6.02249574661255,3.11533427238464,0.67502,0.38173,0.44412,0.42446,0.21037,0.35104,0.22525,0.23544,0.22265,0.24316,0.20017,0.23148,0.23497,0.50173,273.8
2010,10,6.10681772232056,3.4049859046936,0.61356,0.58674,0.65825,0.58148,0.46045,0.40818,0.45568,0.42671,0.35973,0.38923,0.20444,0.19801,0.11914,0.31851,442.5
2010,11,6.73226308822632,2.65854549407959,0.41328,0.38132,0.3953,0.39542,0.40778,0.29591,0.33004,0.2938,0.39415,0.41175,0.39584,0.40015,0.47879,0.2712,339
2010,12,3.08286690711975,0.93174135684967,0.05824,0.07495,0.05284,0.15677,0.19123,0.17142,0.16343,0.16433,0.14197,0.13613,0.19267,0.19913,0.25804,0.02669,47.9
2011,1,0.188074454665184,0.040761224925518,0.00359,0.00307,0.00242,0.02987,0.03002,0.00219,0.00039,0.02675,0.01763,0.06307,0.00629,0.04257,0.01698,0.00034,20.6
2011,2,0.371249556541443,0.00487669091671705,0.00537,0.01499,0.09037,0.12758,0.13166,0.00084,0.00506,0.02901,0.03735,0.12323,0.04664,0.04099,0.04149,0.00242,46.1
2011,3,0.0968900695443153,0.00655497517436743,0.00098,0.00708,0.02558,0.06211,0.03805,0.00033,0.00025,0.00656,0.02891,0.04543,0.0071,0.01925,0.01074,0.00116,25.3
2011,4,2.33046245574951,0.0138072967529297,0.13847,0.18161,0.19306,0.20767,0.21885,0.0419,0.10974,0.12341,0.12333,0.19061,0.09768,0.19056,0.10258,0.08259,165.2
2011,5,5.89555692672729,0.967346012592316,0.12017,0.13784,0.27607,0.33502,0.14217,0.09415,0.12432,0.20063,0.20834,0.34476,0.18191,0.27217,0.18611,0.05009,121.6
2011,6,5.85098171234131,10.0223007202148,1.06523,1.14862,1.02864,0.7162,0.32924,0.70994,0.66844,0.663,0.4584,0.31227,0.3469,0.16672,0.15728,0.6443,790.5
2011,7,7.85496234893799,10.8790235519409,1.29542,1.08177,0.74531,0.57744,0.18022,1.12205,0.9996,0.85886,0.57625,0.36859,0.52105,0.35678,0.35733,0.94514,538.4
2011,8,8.18728446960449,8.41365528106689,1.00791,0.84929,0.71177,0.61692,0.20537,0.95353,0.85546,0.78509,0.71483,0.36824,0.43242,0.35453,0.37538,0.79039,495.3
2011,9,6.83783626556396,3.83224415779114,0.57445,0.531,0.4949,0.43077,0.19312,0.4994,0.50756,0.45891,0.39128,0.28712,0.30594,0.24167,0.2772,0.37446,391.9
2011,10,5.61366748809814,3.88187289237976,0.33775,0.33672,0.351,0.28924,0.22517,0.31549,0.32247,0.33156,0.31904,0.27292,0.32224,0.35558,0.28939,0.17327,230.9
2011,11,6.75247669219971,6.1014928817749,0.18062,0.18303,0.22378,0.27562,0.315,0.27982,0.31289,0.3152,0.2096,0.26552,0.22277,0.26824,0.29189,0.06484,165.8
2011,12,0.60164600610733,0.0646277666091919,0.01793,0.03029,0.02672,0.1549,0.17696,0.02252,0.09627,0.03713,0.08489,0.0799,0.02615,0.0589,0.02909,0.00133,50
2012,1,0.577296376228333,0.399858713150024,0.00138,0.00286,0.00326,0.02944,0.01346,0.01632,0.01524,0.01943,0.03679,0.01362,0.03753,0.02638,0.02288,0.00279,7.4
2012,2,0.43299987912178,0.0073212101124227,0.00261,0.01383,0.01452,0.05171,0.02092,0.00022,0.00515,0.05269,0.03332,0.04796,0.01526,0.04388,0.00289,0.00034,9.1
2012,3,0.449220687150955,0.0150979654863477,0.00531,0.01491,0.04737,0.1298,0.06682,0.00295,0.03007,0.07246,0.16601,0.08182,0.1155,0.0626,0.04132,0.00057,29.6
2012,4,3.07764267921448,0.20963516831398,0.13063,0.17727,0.3298,0.40199,0.27591,0.12622,0.08092,0.17015,0.12154,0.3208,0.0746,0.21313,0.10709,0.09051,197.5
2012,5,0.809080839157104,0.00538034457713366,0.05419,0.09526,0.14477,0.17546,0.13648,0.0314,0.05063,0.05628,0.1074,0.07949,0.03247,0.05578,0.04452,0.01868,83.8
2012,6,7.07578754425049,10.0535955429077,1.02603,0.9279,0.74631,0.51759,0.14919,0.82474,0.68823,0.67204,0.50712,0.33465,0.40926,0.32235,0.36269,0.73798,444.6
2012,7,4.47518444061279,5.23313999176025,0.70682,0.60498,0.4679,0.45391,0.20365,0.44949,0.46626,0.43648,0.45531,0.37219,0.28786,0.36014,0.25928,0.61748,360.6
2012,8,10.3141012191772,8.19248390197754,1.1677,0.7876,0.55407,0.51978,0.23954,0.90687,0.94839,0.5894,0.39456,0.33744,0.33277,0.2952,0.30379,0.79989,502.6
2012,9,2.41240072250366,1.03693759441376,0.43188,0.34798,0.25037,0.27667,0.11166,0.25515,0.28017,0.24032,0.22798,0.16452,0.15393,0.11062,0.12687,0.27596,240
2012,10,7.31388711929321,1.98739063739777,0.29579,0.33315,0.33623,0.39339,0.28093,0.31619,0.25639,0.28287,0.37368,0.32391,0.32903,0.33423,0.26932,0.14083,189.3
2012,11,1.82162797451019,0.047530896961689,0.12918,0.1702,0.23752,0.25832,0.21379,0.07743,0.08924,0.15179,0.20455,0.29392,0.14985,0.19033,0.10516,0.09029,113.4
2012,12,2.263916015625,0.0872370675206184,0.00586,0.02264,0.01246,0.04945,0.07172,0.0032,0.05518,0.07569,0.13205,0.08457,0.13435,0.15095,0.12533,0.00232,9.7
2013,1,1.77007400989532,0.0270792730152607,0.00151,0.00175,0.00565,0.02859,0.01196,0.00042,0.00198,0.05888,0.12554,0.08187,0.10774,0.13892,0.23911,7e-05,3.9
2013,2,1.42212629318237,0.182949364185333,0.06013,0.07109,0.08352,0.14526,0.08228,0.08425,0.06831,0.13778,0.08268,0.07049,0.10806,0.07807,0.05595,0.01971,40.1
2013,3,1.50847375392914,0.29125440120697,0.06388,0.08736,0.05601,0.06194,0.10616,0.09304,0.15627,0.08061,0.06202,0.05471,0.09973,0.05365,0.0637,0.00625,49.9
2013,4,0.476786226034164,0.0520332790911198,0.04748,0.07233,0.04593,0.15417,0.12513,0.04283,0.12324,0.05214,0.03866,0.09638,0.01465,0.01105,0.00923,0.03318,49.3
2013,5,6.24209880828857,2.18364238739014,0.2566,0.23935,0.22798,0.33069,0.20693,0.25387,0.2507,0.24329,0.26697,0.352489181,0.19033,0.36239,0.3591,0.15042,119.3
2013,6,12.2029657363892,7.20742511749268,1.4977,1.5451,1.42276,1.36663,0.6195,1.16012,1.22651,1.31265,1.1785,0.808244723,0.80456,0.74372,0.60753,0.79502,1042.7
2013,7,5.56324672698975,2.56920766830444,1.46011,1.46514,1.15828,0.94663,0.33972,0.63823,0.78784,0.77236,0.58351,0.44087,0.35248,0.36694,0.32259,1.06654,830.2
2013,8,4.31933164596558,0.834186792373657,0.64018,0.54375,0.44979,0.4607,0.18487,0.31089,0.37946,0.39437,0.47602,0.39875,0.38663,0.43246,0.36203,0.46158,369.7
2013,9,6.38898611068726,5.83574199676514,0.39412,0.32366,0.25493,0.30964,0.22083,0.4101,0.35497,0.42593,0.35061,0.32314,0.38208,0.35311,0.32856,0.41882,318.6
2013,10,2.61484885215759,1.82508707046509,0.27983,0.32829,0.34268,0.32141,0.21961,0.22914,0.32073,0.31273,0.24483,0.195,0.17532,0.14044,0.07578,0.17751,259.9
2013,11,2.65983819961548,0.931219696998596,0.11738,0.18783,0.25026,0.32544,0.32101,0.08053,0.13759,0.17182,0.19684,0.25773,0.102,0.13791,0.11462,0.03648,154.9
2013,12,1.64876592159271,0.138823300600052,0.02127,0.0285,0.07124,0.1216,0.05139,0.00889,0.03861,0.08726,0.13365,0.1632,0.12208,0.20058,0.15051,0.00328,17
2014,1,0.456679433584213,0.55387556552887,0.00439,0.01971,0.0041,0.02269,0.04285,0.00259,0.01053,0.01992,0.04847,0.03868,0.03251,0.03226,0.01669,0.00164,4.6
2014,2,0.436028093099594,0.22764727473259,0.00359,0.01773,0.00889,0.05575,0.03488,0.00163,0.02459,0.01707,0.01468,0.06778,0.00581,0.0292,0.00503,0.0027,10.3
2014,3,0.48934468626976,0.0119900424033403,0.00187,0.00395,0.02105,0.07757,0.05847,9e-05,5e-04,0.00905,0.07768,0.06049,0.02202,0.03011,0.02145,0.00958,17.9
2014,4,2.45151042938232,0.0491709634661674,0.06293,0.13462,0.13744,0.26165,0.22994,0.01465,0.08047,0.11393,0.1824,0.13257,0.18125,0.08984,0.07177,0.03919,95.7
2014,5,4.16923189163208,1.15676808357239,0.2759,0.39253,0.39191,0.30106,0.21548,0.16758,0.29028,0.3792,0.48114,0.22825,0.43169,0.30802,0.2394,0.16566,251
2014,6,6.38728427886963,3.80690979957581,0.71743,0.79466,0.72657,0.54095,0.22431,0.40157,0.46382,0.57359,0.37581,0.34515,0.3474,0.32509,0.30856,0.38097,454.4
2014,7,3.7118558883667,4.90508651733398,1.26043,1.30774,0.92575,0.61297,0.22771,0.78417,0.82581,0.72076,0.50234,0.31254,0.34137,0.24434,0.14587,1.01646,677.8
2014,8,9.3629093170166,7.58275508880615,1.07135,0.921,0.87982,0.69326,0.51882,0.75689,0.78746,0.8588,0.57329,0.47579,0.51753,0.38471,0.34788,0.84526,733.9
2014,9,4.9664888381958,2.11858344078064,0.41707,0.36333,0.34133,0.29475,0.19931,0.23949,0.2646,0.27715,0.36603,0.22659,0.3134,0.26405,0.22445,0.33056,298.8
2014,10,6.05873203277588,4.28874635696411,0.35158,0.48387,0.56245,0.56676,0.43554,0.34702,0.45177,0.42782,0.47667,0.38831,0.27713,0.32448,0.2659,0.24472,355.5
2014,11,4.73754453659058,1.59535205364227,0.09944,0.1831,0.17554,0.159,0.22942,0.04756,0.1589,0.16703,0.12315,0.17234,0.19027,0.18196,0.19,0.03539,99.5
2014,12,2.38150525093079,0.401290506124496,0.05632,0.03653,0.02902,0.09979,0.1054,0.08042,0.12255,0.0876,0.11592,0.14186,0.11438,0.15494,0.17556,0.02151,47.2
2015,1,0.115391358733177,0.105583481490612,0.0022,0.0032,0.00146,0.00999,0.00381,0.0043,0.0047,0.00472,0.01755,0.01728,0.00281,0.00399,0.00176,0.00096,8.7
2015,2,0.114289879798889,0.75457090139389,0.0012,0.00243,0.00183,0.03087,0.01759,0.00091,0.00039,0.00134,0.00756,0.02138,0.00224,0.00586,0.00127,0.00208,15.6
2015,3,0.783107280731201,0.216328948736191,0.03307,0.03707,0.05589,0.12248,0.07082,0.01878,0.01157,0.03536,0.04912,0.08241,0.01003,0.02578,0.01324,0.04006,30.4
2015,4,3.03449201583862,0.641538739204407,0.1794,0.2342,0.29863,0.26535,0.33401,0.12523,0.16767,0.22172,0.21221,0.2574,0.17032,0.18912,0.22094,0.05552,109.5
2015,5,4.19694137573242,1.28046953678131,0.27669,0.35804,0.36108,0.35302,0.39027,0.34914,0.31806,0.30841,0.29482,0.328,0.16449,0.14303,0.1546,0.17235,239.8
2015,6,6.62350034713745,9.59049797058105,0.99352,0.959,0.82787,0.73229,0.43618,0.65788,0.5675,0.61744,0.56181,0.48701,0.44525,0.31731,0.27875,0.69741,649.8
2015,7,10.007716178894,1.30958580970764,1.12813,1.06384,0.71655,0.48674,0.1374,0.56807,0.6388,0.70024,0.54315,0.31928,0.32174,0.33378,0.30018,0.6113,726.1
2015,8,4.74899816513062,1.04310429096222,0.55872,0.48268,0.35494,0.26781,0.1221,0.2484,0.2435,0.22424,0.0961,0.0993,0.14223,0.11226,0.13605,0.4425,419.5
2015,9,4.74641990661621,2.46963548660278,0.40105,0.39603,0.37746,0.38585,0.33302,0.38643,0.30271,0.3165,0.0961,0.36105,0.15639,0.29093,0.24028,0.32245,244.2
2015,10,6.69378185272217,4.54850578308105,0.32033,0.4054,0.44157,0.59037,0.48052,0.34849,0.40586,0.56739,0.57278,0.50623,0.35428,0.38307,0.27681,0.1595,292.3
2015,11,4.71548795700073,5.557541847229,0.17124,0.28224,0.34351,0.3234,0.38764,0.15756,0.26666,0.26223,0.27563,0.32179,0.21456,0.28993,0.21683,0.08753,150.9
2015,12,5.74597358703613,0.920671880245209,0.02216,0.05038,0.05005,0.1402,0.19905,0.03559,0.12742,0.18871,0.24368,0.24427,0.2509,0.31296,0.37091,0.00117,37.5
2016,1,1.00403332710266,0.292068302631378,NA,NA,NA,NA,NA,NA,NA,NA,NA,NA,NA,NA,NA,NA,3
2016,2,0.501215696334839,0.199751764535904,NA,NA,NA,NA,NA,NA,NA,NA,NA,NA,NA,NA,NA,NA,16.4
2016,3,0.277716130018234,0.0731056556105614,NA,NA,NA,NA,NA,NA,NA,NA,NA,NA,NA,NA,NA,NA,22.4
2016,4,0.948291301727295,0.00104021967854351,NA,NA,NA,NA,NA,NA,NA,NA,NA,NA,NA,NA,NA,NA,33.3
2016,5,6.1684250831604,0.854365944862366,NA,NA,NA,NA,NA,NA,NA,NA,NA,NA,NA,NA,NA,NA,258.4
2016,6,8.7804536819458,16.2295684814453,NA,NA,NA,NA,NA,NA,NA,NA,NA,NA,NA,NA,NA,NA,595.7
2016,7,7.00940084457397,6.30119657516479,NA,NA,NA,NA,NA,NA,NA,NA,NA,NA,NA,NA,NA,NA,441.5
2016,8,3.69431614875793,0.581890463829041,NA,NA,NA,NA,NA,NA,NA,NA,NA,NA,NA,NA,NA,NA,231
2016,9,1.49768447875977,0.570568144321442,NA,NA,NA,NA,NA,NA,NA,NA,NA,NA,NA,NA,NA,NA,84.1
2016,10,1.00151300430298,0.479964733123779,NA,NA,NA,NA,NA,NA,NA,NA,NA,NA,NA,NA,NA,NA,105.1
2016,11,2.63874626159668,0.0801583752036095,NA,NA,NA,NA,NA,NA,NA,NA,NA,NA,NA,NA,NA,NA,57.9
2016,12,0.523559868335724,1.15824639797211,NA,NA,NA,NA,NA,NA,NA,NA,NA,NA,NA,NA,NA,NA,22
2017,1,0.628720760345459,0.0311969928443432,NA,NA,NA,NA,NA,NA,NA,NA,NA,NA,NA,NA,NA,NA,NA
2017,2,0.439086735248566,0.00122827012091875,NA,NA,NA,NA,NA,NA,NA,NA,NA,NA,NA,NA,NA,NA,NA
2017,3,2.0516402721405,0.0293936729431152,NA,NA,NA,NA,NA,NA,NA,NA,NA,NA,NA,NA,NA,NA,NA
2017,4,0.395901203155518,0.00210304581560194,NA,NA,NA,NA,NA,NA,NA,NA,NA,NA,NA,NA,NA,NA,NA
2017,5,8.70757102966309,0.671168744564056,NA,NA,NA,NA,NA,NA,NA,NA,NA,NA,NA,NA,NA,NA,NA
2017,6,9.3564977645874,8.82974052429199,NA,NA,NA,NA,NA,NA,NA,NA,NA,NA,NA,NA,NA,NA,NA
2017,7,4.17782783508301,2.18725442886353,NA,NA,NA,NA,NA,NA,NA,NA,NA,NA,NA,NA,NA,NA,NA
