time,altitude,latitude,longitude,taux,tauy,curl,modStress,upwelling
UTC,m,degrees_north,degrees_east,Pa,Pa,Pa m-1,Pa,m s-1
2010-09-01T12:00:00Z,0.0,7.0,70.0,NaN,NaN,NaN,NaN,NaN
2010-09-01T12:00:00Z,0.0,7.0,70.25,NaN,NaN,NaN,NaN,NaN
2010-09-01T12:00:00Z,0.0,7.0,70.5,NaN,NaN,NaN,NaN,NaN
2010-09-01T12:00:00Z,0.0,7.0,70.75,NaN,NaN,NaN,NaN,NaN
2010-09-01T12:00:00Z,0.0,7.0,71.0,NaN,NaN,NaN,NaN,NaN
2010-09-01T12:00:00Z,0.0,7.0,71.25,NaN,NaN,NaN,NaN,NaN
2010-09-01T12:00:00Z,0.0,7.0,71.5,NaN,NaN,NaN,NaN,NaN
2010-09-01T12:00:00Z,0.0,7.0,71.75,NaN,NaN,NaN,NaN,NaN
2010-09-01T12:00:00Z,0.0,7.0,72.0,NaN,NaN,NaN,NaN,NaN
2010-09-01T12:00:00Z,0.0,7.0,72.25,NaN,NaN,NaN,NaN,NaN
2010-09-01T12:00:00Z,0.0,7.0,72.5,NaN,NaN,NaN,NaN,NaN
2010-09-01T12:00:00Z,0.0,7.0,72.75,NaN,NaN,NaN,NaN,NaN
2010-09-01T12:00:00Z,0.0,7.0,73.0,NaN,NaN,NaN,NaN,NaN
2010-09-01T12:00:00Z,0.0,7.0,73.25,NaN,NaN,NaN,NaN,NaN
2010-09-01T12:00:00Z,0.0,7.0,73.5,NaN,NaN,NaN,NaN,NaN
2010-09-01T12:00:00Z,0.0,7.0,73.75,NaN,NaN,NaN,NaN,NaN
2010-09-01T12:00:00Z,0.0,7.0,74.0,NaN,NaN,NaN,NaN,NaN
2010-09-01T12:00:00Z,0.0,7.0,74.25,NaN,NaN,NaN,NaN,NaN
2010-09-01T12:00:00Z,0.0,7.0,74.5,NaN,NaN,NaN,NaN,NaN
2010-09-01T12:00:00Z,0.0,7.0,74.75,NaN,NaN,NaN,NaN,NaN
2010-09-01T12:00:00Z,0.0,7.0,75.0,NaN,NaN,NaN,NaN,NaN
2010-09-01T12:00:00Z,0.0,7.0,75.25,NaN,NaN,NaN,NaN,NaN
2010-09-01T12:00:00Z,0.0,7.0,75.5,NaN,NaN,NaN,NaN,NaN
2010-09-01T12:00:00Z,0.0,7.0,75.75,NaN,NaN,NaN,NaN,NaN
2010-09-01T12:00:00Z,0.0,7.0,76.0,NaN,NaN,NaN,NaN,NaN
2010-09-01T12:00:00Z,0.0,7.0,76.25,NaN,NaN,NaN,NaN,NaN
2010-09-01T12:00:00Z,0.0,7.0,76.5,NaN,NaN,NaN,NaN,NaN
2010-09-01T12:00:00Z,0.0,7.0,76.75,0.0169059,-0.00107903,NaN,0.0169403,NaN
2010-09-01T12:00:00Z,0.0,7.0,77.0,0.0147365,5.86119E-5,-1.48958E-7,0.014736616,-8.17878E-6
2010-09-01T12:00:00Z,0.0,7.0,77.25,0.0268239,3.11932E-4,-3.56906E-7,0.026825715,-1.95965E-5
2010-09-01T12:00:00Z,0.0,7.0,77.5,0.0577875,0.00450666,-8.14774E-7,0.057962965,-4.47364E-5
2010-09-01T12:00:00Z,0.0,7.0,77.75,0.0451664,0.001549385,-8.8638E-7,0.045584805,-4.86681E-5
2010-09-01T12:00:00Z,0.0,7.0,78.0,0.07562785,0.0040054955,-5.6724303E-7,0.07663583,-3.114535E-5
2010-09-01T12:00:00Z,0.0,7.25,70.0,NaN,NaN,NaN,NaN,NaN
2010-09-01T12:00:00Z,0.0,7.25,70.25,NaN,NaN,NaN,NaN,NaN
2010-09-01T12:00:00Z,0.0,7.25,70.5,NaN,NaN,NaN,NaN,NaN
2010-09-01T12:00:00Z,0.0,7.25,70.75,NaN,NaN,NaN,NaN,NaN
2010-09-01T12:00:00Z,0.0,7.25,71.0,NaN,NaN,NaN,NaN,NaN
2010-09-01T12:00:00Z,0.0,7.25,71.25,NaN,NaN,NaN,NaN,NaN
2010-09-01T12:00:00Z,0.0,7.25,71.5,NaN,NaN,NaN,NaN,NaN
2010-09-01T12:00:00Z,0.0,7.25,71.75,NaN,NaN,NaN,NaN,NaN
2010-09-01T12:00:00Z,0.0,7.25,72.0,NaN,NaN,NaN,NaN,NaN
2010-09-01T12:00:00Z,0.0,7.25,72.25,NaN,NaN,NaN,NaN,NaN
2010-09-01T12:00:00Z,0.0,7.25,72.5,NaN,NaN,NaN,NaN,NaN
2010-09-01T12:00:00Z,0.0,7.25,72.75,NaN,NaN,NaN,NaN,NaN
2010-09-01T12:00:00Z,0.0,7.25,73.0,NaN,NaN,NaN,NaN,NaN
2010-09-01T12:00:00Z,0.0,7.25,73.25,NaN,NaN,NaN,NaN,NaN
2010-09-01T12:00:00Z,0.0,7.25,73.5,NaN,NaN,NaN,NaN,NaN
2010-09-01T12:00:00Z,0.0,7.25,73.75,NaN,NaN,NaN,NaN,NaN
2010-09-01T12:00:00Z,0.0,7.25,74.0,NaN,NaN,NaN,NaN,NaN
2010-09-01T12:00:00Z,0.0,7.25,74.25,NaN,NaN,NaN,NaN,NaN
2010-09-01T12:00:00Z,0.0,7.25,74.5,NaN,NaN,NaN,NaN,NaN
2010-09-01T12:00:00Z,0.0,7.25,74.75,NaN,NaN,NaN,NaN,NaN
2010-09-01T12:00:00Z,0.0,7.25,75.0,NaN,NaN,NaN,NaN,NaN
2010-09-01T12:00:00Z,0.0,7.25,75.25,NaN,NaN,NaN,NaN,NaN
2010-09-01T12:00:00Z,0.0,7.25,75.5,NaN,NaN,NaN,NaN,NaN
2010-09-01T12:00:00Z,0.0,7.25,75.75,NaN,NaN,NaN,NaN,NaN
2010-09-01T12:00:00Z,0.0,7.25,76.0,NaN,NaN,NaN,NaN,NaN
2010-09-01T12:00:00Z,0.0,7.25,76.25,0.0139545,-0.00705486,NaN,0.015636468,NaN
2010-09-01T12:00:00Z,0.0,7.25,76.5,0.0136543,-0.00800481,NaN,0.015827725,NaN
2010-09-01T12:00:00Z,0.0,7.25,76.75,0.02052485,-0.00686195,NaN,0.022031456,NaN
2010-09-01T12:00:00Z,0.0,7.25,77.0,0.0240533,-0.00363822,-2.52231E-7,0.024326896,-1.3374E-5
2010-09-01T12:00:00Z,0.0,7.25,77.25,0.0426256,0.00196825,-4.2428E-7,0.042671017,-2.24965E-5
2010-09-01T12:00:00Z,0.0,7.25,77.5,0.0444682,-7.9663994E-4,-7.77264E-7,0.044895202,-4.12127E-5
2010-09-01T12:00:00Z,0.0,7.25,77.75,0.058468953,-0.002411805,-5.969795E-7,0.060543064,-3.1653548E-5
2010-09-01T12:00:00Z,0.0,7.25,78.0,0.0828826,0.0024103997,-6.642735E-7,0.08437854,-3.522166E-5
2010-09-01T12:00:00Z,0.0,7.5,70.0,NaN,NaN,NaN,NaN,NaN
2010-09-01T12:00:00Z,0.0,7.5,70.25,NaN,NaN,NaN,NaN,NaN
2010-09-01T12:00:00Z,0.0,7.5,70.5,NaN,NaN,NaN,NaN,NaN
2010-09-01T12:00:00Z,0.0,7.5,70.75,NaN,NaN,NaN,NaN,NaN
2010-09-01T12:00:00Z,0.0,7.5,71.0,NaN,NaN,NaN,NaN,NaN
2010-09-01T12:00:00Z,0.0,7.5,71.25,NaN,NaN,NaN,NaN,NaN
2010-09-01T12:00:00Z,0.0,7.5,71.5,NaN,NaN,NaN,NaN,NaN
2010-09-01T12:00:00Z,0.0,7.5,71.75,NaN,NaN,NaN,NaN,NaN
2010-09-01T12:00:00Z,0.0,7.5,72.0,NaN,NaN,NaN,NaN,NaN
2010-09-01T12:00:00Z,0.0,7.5,72.25,NaN,NaN,NaN,NaN,NaN
2010-09-01T12:00:00Z,0.0,7.5,72.5,NaN,NaN,NaN,NaN,NaN
2010-09-01T12:00:00Z,0.0,7.5,72.75,NaN,NaN,NaN,NaN,NaN
2010-09-01T12:00:00Z,0.0,7.5,73.0,NaN,NaN,NaN,NaN,NaN
2010-09-01T12:00:00Z,0.0,7.5,73.25,NaN,NaN,NaN,NaN,NaN
2010-09-01T12:00:00Z,0.0,7.5,73.5,NaN,NaN,NaN,NaN,NaN
2010-09-01T12:00:00Z,0.0,7.5,73.75,NaN,NaN,NaN,NaN,NaN
2010-09-01T12:00:00Z,0.0,7.5,74.0,NaN,NaN,NaN,NaN,NaN
2010-09-01T12:00:00Z,0.0,7.5,74.25,NaN,NaN,NaN,NaN,NaN
2010-09-01T12:00:00Z,0.0,7.5,74.5,NaN,NaN,NaN,NaN,NaN
2010-09-01T12:00:00Z,0.0,7.5,74.75,NaN,NaN,NaN,NaN,NaN
2010-09-01T12:00:00Z,0.0,7.5,75.0,NaN,NaN,NaN,NaN,NaN
2010-09-01T12:00:00Z,0.0,7.5,75.25,NaN,NaN,NaN,NaN,NaN
2010-09-01T12:00:00Z,0.0,7.5,75.5,NaN,NaN,NaN,NaN,NaN
2010-09-01T12:00:00Z,0.0,7.5,75.75,NaN,NaN,NaN,NaN,NaN
2010-09-01T12:00:00Z,0.0,7.5,76.0,NaN,NaN,NaN,NaN,NaN
2010-09-01T12:00:00Z,0.0,7.5,76.25,0.0160496,-0.00953681,NaN,0.018669236,NaN
2010-09-01T12:00:00Z,0.0,7.5,76.5,0.0276534,-0.01380645,-6.7208E-8,0.030964166,-3.44542E-6
2010-09-01T12:00:00Z,0.0,7.5,76.75,0.02869315,-0.0166124,-2.0579301E-7,0.03485889,-1.0550025E-5
2010-09-01T12:00:00Z,0.0,7.5,77.0,0.02378565,-0.01197325,-6.85091E-7,0.028672844,-3.51212E-5
2010-09-01T12:00:00Z,0.0,7.5,77.25,0.0569026,-0.0106706,-4.98988E-7,0.05789445,-2.55806E-5
2010-09-01T12:00:00Z,0.0,7.5,77.5,0.06237315,-0.005233025,-4.94273E-7,0.06291058,-2.53389E-5
2010-09-01T12:00:00Z,0.0,7.5,77.75,0.0815317,-0.0039907913,-8.621714E-7,0.082068436,-4.4199114E-5
2010-09-01T12:00:00Z,0.0,7.5,78.0,0.12103585,0.0062235193,-1.0300769E-6,0.12181727,-5.280687E-5
2010-09-01T12:00:00Z,0.0,7.75,70.0,NaN,NaN,NaN,NaN,NaN
2010-09-01T12:00:00Z,0.0,7.75,70.25,NaN,NaN,NaN,NaN,NaN
2010-09-01T12:00:00Z,0.0,7.75,70.5,NaN,NaN,NaN,NaN,NaN
2010-09-01T12:00:00Z,0.0,7.75,70.75,NaN,NaN,NaN,NaN,NaN
2010-09-01T12:00:00Z,0.0,7.75,71.0,NaN,NaN,NaN,NaN,NaN
2010-09-01T12:00:00Z,0.0,7.75,71.25,NaN,NaN,NaN,NaN,NaN
2010-09-01T12:00:00Z,0.0,7.75,71.5,NaN,NaN,NaN,NaN,NaN
2010-09-01T12:00:00Z,0.0,7.75,71.75,NaN,NaN,NaN,NaN,NaN
2010-09-01T12:00:00Z,0.0,7.75,72.0,NaN,NaN,NaN,NaN,NaN
2010-09-01T12:00:00Z,0.0,7.75,72.25,NaN,NaN,NaN,NaN,NaN
2010-09-01T12:00:00Z,0.0,7.75,72.5,NaN,NaN,NaN,NaN,NaN
2010-09-01T12:00:00Z,0.0,7.75,72.75,NaN,NaN,NaN,NaN,NaN
2010-09-01T12:00:00Z,0.0,7.75,73.0,NaN,NaN,NaN,NaN,NaN
2010-09-01T12:00:00Z,0.0,7.75,73.25,NaN,NaN,NaN,NaN,NaN
2010-09-01T12:00:00Z,0.0,7.75,73.5,NaN,NaN,NaN,NaN,NaN
2010-09-01T12:00:00Z,0.0,7.75,73.75,NaN,NaN,NaN,NaN,NaN
2010-09-01T12:00:00Z,0.0,7.75,74.0,NaN,NaN,NaN,NaN,NaN
2010-09-01T12:00:00Z,0.0,7.75,74.25,NaN,NaN,NaN,NaN,NaN
2010-09-01T12:00:00Z,0.0,7.75,74.5,NaN,NaN,NaN,NaN,NaN
2010-09-01T12:00:00Z,0.0,7.75,74.75,NaN,NaN,NaN,NaN,NaN
2010-09-01T12:00:00Z,0.0,7.75,75.0,NaN,NaN,NaN,NaN,NaN
2010-09-01T12:00:00Z,0.0,7.75,75.25,NaN,NaN,NaN,NaN,NaN
2010-09-01T12:00:00Z,0.0,7.75,75.5,NaN,NaN,NaN,NaN,NaN
2010-09-01T12:00:00Z,0.0,7.75,75.75,NaN,NaN,NaN,NaN,NaN
2010-09-01T12:00:00Z,0.0,7.75,76.0,NaN,NaN,NaN,NaN,NaN
2010-09-01T12:00:00Z,0.0,7.75,76.25,0.0128403,-0.011582,NaN,0.017292079,NaN
2010-09-01T12:00:00Z,0.0,7.75,76.5,0.02645481,-0.0251162,NaN,0.03960143,NaN
2010-09-01T12:00:00Z,0.0,7.75,76.75,0.0337954,-0.02776905,NaN,0.046267904,NaN
2010-09-01T12:00:00Z,0.0,7.75,77.0,0.040431447,-0.025694799,NaN,0.048425995,NaN
2010-09-01T12:00:00Z,0.0,7.75,77.25,0.0446335,-0.01569048,NaN,0.047494844,NaN
2010-09-01T12:00:00Z,0.0,7.75,77.5,0.06762685,-0.0136735495,NaN,0.06947057,NaN
2010-09-01T12:00:00Z,0.0,7.75,77.75,0.11787495,-0.002402715,NaN,0.11799634,NaN
2010-09-01T12:00:00Z,0.0,7.75,78.0,0.1582391,0.010123605,NaN,0.1585805,NaN
2010-09-01T12:00:00Z,0.0,8.0,70.0,NaN,NaN,NaN,NaN,NaN
2010-09-01T12:00:00Z,0.0,8.0,70.25,NaN,NaN,NaN,NaN,NaN
2010-09-01T12:00:00Z,0.0,8.0,70.5,NaN,NaN,NaN,NaN,NaN
2010-09-01T12:00:00Z,0.0,8.0,70.75,NaN,NaN,NaN,NaN,NaN
2010-09-01T12:00:00Z,0.0,8.0,71.0,NaN,NaN,NaN,NaN,NaN
2010-09-01T12:00:00Z,0.0,8.0,71.25,NaN,NaN,NaN,NaN,NaN
2010-09-01T12:00:00Z,0.0,8.0,71.5,NaN,NaN,NaN,NaN,NaN
2010-09-01T12:00:00Z,0.0,8.0,71.75,NaN,NaN,NaN,NaN,NaN
2010-09-01T12:00:00Z,0.0,8.0,72.0,NaN,NaN,NaN,NaN,NaN
2010-09-01T12:00:00Z,0.0,8.0,72.25,NaN,NaN,NaN,NaN,NaN
2010-09-01T12:00:00Z,0.0,8.0,72.5,NaN,NaN,NaN,NaN,NaN
2010-09-01T12:00:00Z,0.0,8.0,72.75,NaN,NaN,NaN,NaN,NaN
2010-09-01T12:00:00Z,0.0,8.0,73.0,NaN,NaN,NaN,NaN,NaN
2010-09-01T12:00:00Z,0.0,8.0,73.25,NaN,NaN,NaN,NaN,NaN
2010-09-01T12:00:00Z,0.0,8.0,73.5,NaN,NaN,NaN,NaN,NaN
2010-09-01T12:00:00Z,0.0,8.0,73.75,NaN,NaN,NaN,NaN,NaN
2010-09-01T12:00:00Z,0.0,8.0,74.0,NaN,NaN,NaN,NaN,NaN
2010-09-01T12:00:00Z,0.0,8.0,74.25,NaN,NaN,NaN,NaN,NaN
2010-09-01T12:00:00Z,0.0,8.0,74.5,NaN,NaN,NaN,NaN,NaN
2010-09-01T12:00:00Z,0.0,8.0,74.75,NaN,NaN,NaN,NaN,NaN
2010-09-01T12:00:00Z,0.0,8.0,75.0,NaN,NaN,NaN,NaN,NaN
2010-09-01T12:00:00Z,0.0,8.0,75.25,NaN,NaN,NaN,NaN,NaN
2010-09-01T12:00:00Z,0.0,8.0,75.5,NaN,NaN,NaN,NaN,NaN
2010-09-01T12:00:00Z,0.0,8.0,75.75,NaN,NaN,NaN,NaN,NaN
2010-09-01T12:00:00Z,0.0,8.0,76.0,NaN,NaN,NaN,NaN,NaN
2010-09-01T12:00:00Z,0.0,8.0,76.25,NaN,NaN,NaN,NaN,NaN
2010-09-01T12:00:00Z,0.0,8.0,76.5,NaN,NaN,NaN,NaN,NaN
2010-09-01T12:00:00Z,0.0,8.0,76.75,NaN,NaN,NaN,NaN,NaN
2010-09-01T12:00:00Z,0.0,8.0,77.0,NaN,NaN,NaN,NaN,NaN
2010-09-01T12:00:00Z,0.0,8.0,77.25,NaN,NaN,NaN,NaN,NaN
2010-09-01T12:00:00Z,0.0,8.0,77.5,NaN,NaN,NaN,NaN,NaN
2010-09-01T12:00:00Z,0.0,8.0,77.75,NaN,NaN,NaN,NaN,NaN
2010-09-01T12:00:00Z,0.0,8.0,78.0,NaN,NaN,NaN,NaN,NaN
2010-09-01T12:00:00Z,0.0,8.25,70.0,NaN,NaN,NaN,NaN,NaN
2010-09-01T12:00:00Z,0.0,8.25,70.25,NaN,NaN,NaN,NaN,NaN
2010-09-01T12:00:00Z,0.0,8.25,70.5,NaN,NaN,NaN,NaN,NaN
2010-09-01T12:00:00Z,0.0,8.25,70.75,NaN,NaN,NaN,NaN,NaN
2010-09-01T12:00:00Z,0.0,8.25,71.0,NaN,NaN,NaN,NaN,NaN
2010-09-01T12:00:00Z,0.0,8.25,71.25,NaN,NaN,NaN,NaN,NaN
2010-09-01T12:00:00Z,0.0,8.25,71.5,NaN,NaN,NaN,NaN,NaN
2010-09-01T12:00:00Z,0.0,8.25,71.75,NaN,NaN,NaN,NaN,NaN
2010-09-01T12:00:00Z,0.0,8.25,72.0,NaN,NaN,NaN,NaN,NaN
2010-09-01T12:00:00Z,0.0,8.25,72.25,NaN,NaN,NaN,NaN,NaN
2010-09-01T12:00:00Z,0.0,8.25,72.5,NaN,NaN,NaN,NaN,NaN
2010-09-01T12:00:00Z,0.0,8.25,72.75,NaN,NaN,NaN,NaN,NaN
2010-09-01T12:00:00Z,0.0,8.25,73.0,NaN,NaN,NaN,NaN,NaN
2010-09-01T12:00:00Z,0.0,8.25,73.25,NaN,NaN,NaN,NaN,NaN
2010-09-01T12:00:00Z,0.0,8.25,73.5,NaN,NaN,NaN,NaN,NaN
2010-09-01T12:00:00Z,0.0,8.25,73.75,NaN,NaN,NaN,NaN,NaN
2010-09-01T12:00:00Z,0.0,8.25,74.0,NaN,NaN,NaN,NaN,NaN
2010-09-01T12:00:00Z,0.0,8.25,74.25,NaN,NaN,NaN,NaN,NaN
2010-09-01T12:00:00Z,0.0,8.25,74.5,NaN,NaN,NaN,NaN,NaN
2010-09-01T12:00:00Z,0.0,8.25,74.75,NaN,NaN,NaN,NaN,NaN
2010-09-01T12:00:00Z,0.0,8.25,75.0,NaN,NaN,NaN,NaN,NaN
2010-09-01T12:00:00Z,0.0,8.25,75.25,NaN,NaN,NaN,NaN,NaN
2010-09-01T12:00:00Z,0.0,8.25,75.5,NaN,NaN,NaN,NaN,NaN
2010-09-01T12:00:00Z,0.0,8.25,75.75,NaN,NaN,NaN,NaN,NaN
2010-09-01T12:00:00Z,0.0,8.25,76.0,NaN,NaN,NaN,NaN,NaN
2010-09-01T12:00:00Z,0.0,8.25,76.25,NaN,NaN,NaN,NaN,NaN
2010-09-01T12:00:00Z,0.0,8.25,76.5,NaN,NaN,NaN,NaN,NaN
2010-09-01T12:00:00Z,0.0,8.25,76.75,NaN,NaN,NaN,NaN,NaN
2010-09-01T12:00:00Z,0.0,8.25,77.0,NaN,NaN,NaN,NaN,NaN
2010-09-01T12:00:00Z,0.0,8.25,77.25,NaN,NaN,NaN,NaN,NaN
2010-09-01T12:00:00Z,0.0,8.25,77.5,NaN,NaN,NaN,NaN,NaN
2010-09-01T12:00:00Z,0.0,8.25,77.75,NaN,NaN,NaN,NaN,NaN
2010-09-01T12:00:00Z,0.0,8.25,78.0,NaN,NaN,NaN,NaN,NaN
2010-09-01T12:00:00Z,0.0,8.5,70.0,NaN,NaN,NaN,NaN,NaN
2010-09-01T12:00:00Z,0.0,8.5,70.25,NaN,NaN,NaN,NaN,NaN
2010-09-01T12:00:00Z,0.0,8.5,70.5,NaN,NaN,NaN,NaN,NaN
2010-09-01T12:00:00Z,0.0,8.5,70.75,NaN,NaN,NaN,NaN,NaN
2010-09-01T12:00:00Z,0.0,8.5,71.0,NaN,NaN,NaN,NaN,NaN
2010-09-01T12:00:00Z,0.0,8.5,71.25,NaN,NaN,NaN,NaN,NaN
2010-09-01T12:00:00Z,0.0,8.5,71.5,NaN,NaN,NaN,NaN,NaN
2010-09-01T12:00:00Z,0.0,8.5,71.75,NaN,NaN,NaN,NaN,NaN
2010-09-01T12:00:00Z,0.0,8.5,72.0,NaN,NaN,NaN,NaN,NaN
2010-09-01T12:00:00Z,0.0,8.5,72.25,NaN,NaN,NaN,NaN,NaN
2010-09-01T12:00:00Z,0.0,8.5,72.5,NaN,NaN,NaN,NaN,NaN
2010-09-01T12:00:00Z,0.0,8.5,72.75,NaN,NaN,NaN,NaN,NaN
2010-09-01T12:00:00Z,0.0,8.5,73.0,NaN,NaN,NaN,NaN,NaN
2010-09-01T12:00:00Z,0.0,8.5,73.25,NaN,NaN,NaN,NaN,NaN
2010-09-01T12:00:00Z,0.0,8.5,73.5,NaN,NaN,NaN,NaN,NaN
2010-09-01T12:00:00Z,0.0,8.5,73.75,NaN,NaN,NaN,NaN,NaN
2010-09-01T12:00:00Z,0.0,8.5,74.0,NaN,NaN,NaN,NaN,NaN
2010-09-01T12:00:00Z,0.0,8.5,74.25,NaN,NaN,NaN,NaN,NaN
2010-09-01T12:00:00Z,0.0,8.5,74.5,NaN,NaN,NaN,NaN,NaN
2010-09-01T12:00:00Z,0.0,8.5,74.75,NaN,NaN,NaN,NaN,NaN
2010-09-01T12:00:00Z,0.0,8.5,75.0,NaN,NaN,NaN,NaN,NaN
2010-09-01T12:00:00Z,0.0,8.5,75.25,NaN,NaN,NaN,NaN,NaN
2010-09-01T12:00:00Z,0.0,8.5,75.5,NaN,NaN,NaN,NaN,NaN
2010-09-01T12:00:00Z,0.0,8.5,75.75,NaN,NaN,NaN,NaN,NaN
2010-09-01T12:00:00Z,0.0,8.5,76.0,NaN,NaN,NaN,NaN,NaN
2010-09-01T12:00:00Z,0.0,8.5,76.25,NaN,NaN,NaN,NaN,NaN
2010-09-01T12:00:00Z,0.0,8.5,76.5,NaN,NaN,NaN,NaN,NaN
2010-09-01T12:00:00Z,0.0,8.5,76.75,NaN,NaN,NaN,NaN,NaN
2010-09-01T12:00:00Z,0.0,8.5,77.0,NaN,NaN,NaN,NaN,NaN
2010-09-01T12:00:00Z,0.0,8.5,77.25,NaN,NaN,NaN,NaN,NaN
2010-09-01T12:00:00Z,0.0,8.5,77.5,NaN,NaN,NaN,NaN,NaN
2010-09-01T12:00:00Z,0.0,8.5,77.75,NaN,NaN,NaN,NaN,NaN
2010-09-01T12:00:00Z,0.0,8.5,78.0,NaN,NaN,NaN,NaN,NaN
2010-09-01T12:00:00Z,0.0,8.75,70.0,NaN,NaN,NaN,NaN,NaN
2010-09-01T12:00:00Z,0.0,8.75,70.25,NaN,NaN,NaN,NaN,NaN
2010-09-01T12:00:00Z,0.0,8.75,70.5,NaN,NaN,NaN,NaN,NaN
2010-09-01T12:00:00Z,0.0,8.75,70.75,NaN,NaN,NaN,NaN,NaN
2010-09-01T12:00:00Z,0.0,8.75,71.0,NaN,NaN,NaN,NaN,NaN
2010-09-01T12:00:00Z,0.0,8.75,71.25,NaN,NaN,NaN,NaN,NaN
2010-09-01T12:00:00Z,0.0,8.75,71.5,NaN,NaN,NaN,NaN,NaN
2010-09-01T12:00:00Z,0.0,8.75,71.75,NaN,NaN,NaN,NaN,NaN
2010-09-01T12:00:00Z,0.0,8.75,72.0,NaN,NaN,NaN,NaN,NaN
2010-09-01T12:00:00Z,0.0,8.75,72.25,NaN,NaN,NaN,NaN,NaN
2010-09-01T12:00:00Z,0.0,8.75,72.5,NaN,NaN,NaN,NaN,NaN
2010-09-01T12:00:00Z,0.0,8.75,72.75,NaN,NaN,NaN,NaN,NaN
2010-09-01T12:00:00Z,0.0,8.75,73.0,NaN,NaN,NaN,NaN,NaN
2010-09-01T12:00:00Z,0.0,8.75,73.25,NaN,NaN,NaN,NaN,NaN
2010-09-01T12:00:00Z,0.0,8.75,73.5,NaN,NaN,NaN,NaN,NaN
2010-09-01T12:00:00Z,0.0,8.75,73.75,NaN,NaN,NaN,NaN,NaN
2010-09-01T12:00:00Z,0.0,8.75,74.0,NaN,NaN,NaN,NaN,NaN
2010-09-01T12:00:00Z,0.0,8.75,74.25,NaN,NaN,NaN,NaN,NaN
2010-09-01T12:00:00Z,0.0,8.75,74.5,NaN,NaN,NaN,NaN,NaN
2010-09-01T12:00:00Z,0.0,8.75,74.75,NaN,NaN,NaN,NaN,NaN
2010-09-01T12:00:00Z,0.0,8.75,75.0,NaN,NaN,NaN,NaN,NaN
2010-09-01T12:00:00Z,0.0,8.75,75.25,NaN,NaN,NaN,NaN,NaN
2010-09-01T12:00:00Z,0.0,8.75,75.5,NaN,NaN,NaN,NaN,NaN
2010-09-01T12:00:00Z,0.0,8.75,75.75,NaN,NaN,NaN,NaN,NaN
2010-09-01T12:00:00Z,0.0,8.75,76.0,NaN,NaN,NaN,NaN,NaN
2010-09-01T12:00:00Z,0.0,8.75,76.25,NaN,NaN,NaN,NaN,NaN
2010-09-01T12:00:00Z,0.0,8.75,76.5,NaN,NaN,NaN,NaN,NaN
2010-09-01T12:00:00Z,0.0,8.75,76.75,NaN,NaN,NaN,NaN,NaN
2010-09-01T12:00:00Z,0.0,8.75,77.0,NaN,NaN,NaN,NaN,NaN
2010-09-01T12:00:00Z,0.0,8.75,77.25,NaN,NaN,NaN,NaN,NaN
2010-09-01T12:00:00Z,0.0,8.75,77.5,NaN,NaN,NaN,NaN,NaN
2010-09-01T12:00:00Z,0.0,8.75,77.75,NaN,NaN,NaN,NaN,NaN
2010-09-01T12:00:00Z,0.0,8.75,78.0,NaN,NaN,NaN,NaN,NaN
2010-09-01T12:00:00Z,0.0,9.0,70.0,NaN,NaN,NaN,NaN,NaN
2010-09-01T12:00:00Z,0.0,9.0,70.25,NaN,NaN,NaN,NaN,NaN
2010-09-01T12:00:00Z,0.0,9.0,70.5,NaN,NaN,NaN,NaN,NaN
2010-09-01T12:00:00Z,0.0,9.0,70.75,NaN,NaN,NaN,NaN,NaN
2010-09-01T12:00:00Z,0.0,9.0,71.0,NaN,NaN,NaN,NaN,NaN
2010-09-01T12:00:00Z,0.0,9.0,71.25,NaN,NaN,NaN,NaN,NaN
2010-09-01T12:00:00Z,0.0,9.0,71.5,NaN,NaN,NaN,NaN,NaN
2010-09-01T12:00:00Z,0.0,9.0,71.75,NaN,NaN,NaN,NaN,NaN
2010-09-01T12:00:00Z,0.0,9.0,72.0,NaN,NaN,NaN,NaN,NaN
2010-09-01T12:00:00Z,0.0,9.0,72.25,NaN,NaN,NaN,NaN,NaN
2010-09-01T12:00:00Z,0.0,9.0,72.5,NaN,NaN,NaN,NaN,NaN
2010-09-01T12:00:00Z,0.0,9.0,72.75,NaN,NaN,NaN,NaN,NaN
2010-09-01T12:00:00Z,0.0,9.0,73.0,NaN,NaN,NaN,NaN,NaN
2010-09-01T12:00:00Z,0.0,9.0,73.25,NaN,NaN,NaN,NaN,NaN
2010-09-01T12:00:00Z,0.0,9.0,73.5,NaN,NaN,NaN,NaN,NaN
2010-09-01T12:00:00Z,0.0,9.0,73.75,NaN,NaN,NaN,NaN,NaN
2010-09-01T12:00:00Z,0.0,9.0,74.0,NaN,NaN,NaN,NaN,NaN
2010-09-01T12:00:00Z,0.0,9.0,74.25,NaN,NaN,NaN,NaN,NaN
2010-09-01T12:00:00Z,0.0,9.0,74.5,NaN,NaN,NaN,NaN,NaN
2010-09-01T12:00:00Z,0.0,9.0,74.75,NaN,NaN,NaN,NaN,NaN
2010-09-01T12:00:00Z,0.0,9.0,75.0,NaN,NaN,NaN,NaN,NaN
2010-09-01T12:00:00Z,0.0,9.0,75.25,NaN,NaN,NaN,NaN,NaN
2010-09-01T12:00:00Z,0.0,9.0,75.5,NaN,NaN,NaN,NaN,NaN
2010-09-01T12:00:00Z,0.0,9.0,75.75,NaN,NaN,NaN,NaN,NaN
2010-09-01T12:00:00Z,0.0,9.0,76.0,NaN,NaN,NaN,NaN,NaN
2010-09-01T12:00:00Z,0.0,9.0,76.25,NaN,NaN,NaN,NaN,NaN
2010-09-01T12:00:00Z,0.0,9.0,76.5,NaN,NaN,NaN,NaN,NaN
2010-09-01T12:00:00Z,0.0,9.0,76.75,NaN,NaN,NaN,NaN,NaN
2010-09-01T12:00:00Z,0.0,9.0,77.0,NaN,NaN,NaN,NaN,NaN
2010-09-01T12:00:00Z,0.0,9.0,77.25,NaN,NaN,NaN,NaN,NaN
2010-09-01T12:00:00Z,0.0,9.0,77.5,NaN,NaN,NaN,NaN,NaN
2010-09-01T12:00:00Z,0.0,9.0,77.75,NaN,NaN,NaN,NaN,NaN
2010-09-01T12:00:00Z,0.0,9.0,78.0,NaN,NaN,NaN,NaN,NaN
2010-09-01T12:00:00Z,0.0,9.25,70.0,NaN,NaN,NaN,NaN,NaN
2010-09-01T12:00:00Z,0.0,9.25,70.25,NaN,NaN,NaN,NaN,NaN
2010-09-01T12:00:00Z,0.0,9.25,70.5,NaN,NaN,NaN,NaN,NaN
2010-09-01T12:00:00Z,0.0,9.25,70.75,NaN,NaN,NaN,NaN,NaN
2010-09-01T12:00:00Z,0.0,9.25,71.0,NaN,NaN,NaN,NaN,NaN
2010-09-01T12:00:00Z,0.0,9.25,71.25,NaN,NaN,NaN,NaN,NaN
2010-09-01T12:00:00Z,0.0,9.25,71.5,NaN,NaN,NaN,NaN,NaN
2010-09-01T12:00:00Z,0.0,9.25,71.75,NaN,NaN,NaN,NaN,NaN
2010-09-01T12:00:00Z,0.0,9.25,72.0,NaN,NaN,NaN,NaN,NaN
2010-09-01T12:00:00Z,0.0,9.25,72.25,NaN,NaN,NaN,NaN,NaN
2010-09-01T12:00:00Z,0.0,9.25,72.5,NaN,NaN,NaN,NaN,NaN
2010-09-01T12:00:00Z,0.0,9.25,72.75,NaN,NaN,NaN,NaN,NaN
2010-09-01T12:00:00Z,0.0,9.25,73.0,NaN,NaN,NaN,NaN,NaN
2010-09-01T12:00:00Z,0.0,9.25,73.25,NaN,NaN,NaN,NaN,NaN
2010-09-01T12:00:00Z,0.0,9.25,73.5,NaN,NaN,NaN,NaN,NaN
2010-09-01T12:00:00Z,0.0,9.25,73.75,NaN,NaN,NaN,NaN,NaN
2010-09-01T12:00:00Z,0.0,9.25,74.0,NaN,NaN,NaN,NaN,NaN
2010-09-01T12:00:00Z,0.0,9.25,74.25,NaN,NaN,NaN,NaN,NaN
2010-09-01T12:00:00Z,0.0,9.25,74.5,NaN,NaN,NaN,NaN,NaN
2010-09-01T12:00:00Z,0.0,9.25,74.75,NaN,NaN,NaN,NaN,NaN
2010-09-01T12:00:00Z,0.0,9.25,75.0,NaN,NaN,NaN,NaN,NaN
2010-09-01T12:00:00Z,0.0,9.25,75.25,NaN,NaN,NaN,NaN,NaN
2010-09-01T12:00:00Z,0.0,9.25,75.5,NaN,NaN,NaN,NaN,NaN
2010-09-01T12:00:00Z,0.0,9.25,75.75,NaN,NaN,NaN,NaN,NaN
2010-09-01T12:00:00Z,0.0,9.25,76.0,NaN,NaN,NaN,NaN,NaN
2010-09-01T12:00:00Z,0.0,9.25,76.25,NaN,NaN,NaN,NaN,NaN
2010-09-01T12:00:00Z,0.0,9.25,76.5,NaN,NaN,NaN,NaN,NaN
2010-09-01T12:00:00Z,0.0,9.25,76.75,NaN,NaN,NaN,NaN,NaN
2010-09-01T12:00:00Z,0.0,9.25,77.0,NaN,NaN,NaN,NaN,NaN
2010-09-01T12:00:00Z,0.0,9.25,77.25,NaN,NaN,NaN,NaN,NaN
2010-09-01T12:00:00Z,0.0,9.25,77.5,NaN,NaN,NaN,NaN,NaN
2010-09-01T12:00:00Z,0.0,9.25,77.75,NaN,NaN,NaN,NaN,NaN
2010-09-01T12:00:00Z,0.0,9.25,78.0,NaN,NaN,NaN,NaN,NaN
2010-09-01T12:00:00Z,0.0,9.5,70.0,NaN,NaN,NaN,NaN,NaN
2010-09-01T12:00:00Z,0.0,9.5,70.25,NaN,NaN,NaN,NaN,NaN
2010-09-01T12:00:00Z,0.0,9.5,70.5,NaN,NaN,NaN,NaN,NaN
2010-09-01T12:00:00Z,0.0,9.5,70.75,NaN,NaN,NaN,NaN,NaN
2010-09-01T12:00:00Z,0.0,9.5,71.0,NaN,NaN,NaN,NaN,NaN
2010-09-01T12:00:00Z,0.0,9.5,71.25,NaN,NaN,NaN,NaN,NaN
2010-09-01T12:00:00Z,0.0,9.5,71.5,NaN,NaN,NaN,NaN,NaN
2010-09-01T12:00:00Z,0.0,9.5,71.75,NaN,NaN,NaN,NaN,NaN
2010-09-01T12:00:00Z,0.0,9.5,72.0,NaN,NaN,NaN,NaN,NaN
2010-09-01T12:00:00Z,0.0,9.5,72.25,NaN,NaN,NaN,NaN,NaN
2010-09-01T12:00:00Z,0.0,9.5,72.5,NaN,NaN,NaN,NaN,NaN
2010-09-01T12:00:00Z,0.0,9.5,72.75,NaN,NaN,NaN,NaN,NaN
2010-09-01T12:00:00Z,0.0,9.5,73.0,NaN,NaN,NaN,NaN,NaN
2010-09-01T12:00:00Z,0.0,9.5,73.25,NaN,NaN,NaN,NaN,NaN
2010-09-01T12:00:00Z,0.0,9.5,73.5,NaN,NaN,NaN,NaN,NaN
2010-09-01T12:00:00Z,0.0,9.5,73.75,NaN,NaN,NaN,NaN,NaN
2010-09-01T12:00:00Z,0.0,9.5,74.0,NaN,NaN,NaN,NaN,NaN
2010-09-01T12:00:00Z,0.0,9.5,74.25,NaN,NaN,NaN,NaN,NaN
2010-09-01T12:00:00Z,0.0,9.5,74.5,NaN,NaN,NaN,NaN,NaN
2010-09-01T12:00:00Z,0.0,9.5,74.75,NaN,NaN,NaN,NaN,NaN
2010-09-01T12:00:00Z,0.0,9.5,75.0,NaN,NaN,NaN,NaN,NaN
2010-09-01T12:00:00Z,0.0,9.5,75.25,NaN,NaN,NaN,NaN,NaN
2010-09-01T12:00:00Z,0.0,9.5,75.5,NaN,NaN,NaN,NaN,NaN
2010-09-01T12:00:00Z,0.0,9.5,75.75,NaN,NaN,NaN,NaN,NaN
2010-09-01T12:00:00Z,0.0,9.5,76.0,NaN,NaN,NaN,NaN,NaN
2010-09-01T12:00:00Z,0.0,9.5,76.25,NaN,NaN,NaN,NaN,NaN
2010-09-01T12:00:00Z,0.0,9.5,76.5,NaN,NaN,NaN,NaN,NaN
2010-09-01T12:00:00Z,0.0,9.5,76.75,NaN,NaN,NaN,NaN,NaN
2010-09-01T12:00:00Z,0.0,9.5,77.0,NaN,NaN,NaN,NaN,NaN
2010-09-01T12:00:00Z,0.0,9.5,77.25,NaN,NaN,NaN,NaN,NaN
2010-09-01T12:00:00Z,0.0,9.5,77.5,NaN,NaN,NaN,NaN,NaN
2010-09-01T12:00:00Z,0.0,9.5,77.75,NaN,NaN,NaN,NaN,NaN
2010-09-01T12:00:00Z,0.0,9.5,78.0,NaN,NaN,NaN,NaN,NaN
2010-09-01T12:00:00Z,0.0,9.75,70.0,NaN,NaN,NaN,NaN,NaN
2010-09-01T12:00:00Z,0.0,9.75,70.25,NaN,NaN,NaN,NaN,NaN
2010-09-01T12:00:00Z,0.0,9.75,70.5,NaN,NaN,NaN,NaN,NaN
2010-09-01T12:00:00Z,0.0,9.75,70.75,NaN,NaN,NaN,NaN,NaN
2010-09-01T12:00:00Z,0.0,9.75,71.0,NaN,NaN,NaN,NaN,NaN
2010-09-01T12:00:00Z,0.0,9.75,71.25,NaN,NaN,NaN,NaN,NaN
2010-09-01T12:00:00Z,0.0,9.75,71.5,NaN,NaN,NaN,NaN,NaN
2010-09-01T12:00:00Z,0.0,9.75,71.75,NaN,NaN,NaN,NaN,NaN
2010-09-01T12:00:00Z,0.0,9.75,72.0,NaN,NaN,NaN,NaN,NaN
2010-09-01T12:00:00Z,0.0,9.75,72.25,NaN,NaN,NaN,NaN,NaN
2010-09-01T12:00:00Z,0.0,9.75,72.5,NaN,NaN,NaN,NaN,NaN
2010-09-01T12:00:00Z,0.0,9.75,72.75,NaN,NaN,NaN,NaN,NaN
2010-09-01T12:00:00Z,0.0,9.75,73.0,NaN,NaN,NaN,NaN,NaN
2010-09-01T12:00:00Z,0.0,9.75,73.25,NaN,NaN,NaN,NaN,NaN
2010-09-01T12:00:00Z,0.0,9.75,73.5,NaN,NaN,NaN,NaN,NaN
2010-09-01T12:00:00Z,0.0,9.75,73.75,NaN,NaN,NaN,NaN,NaN
2010-09-01T12:00:00Z,0.0,9.75,74.0,NaN,NaN,NaN,NaN,NaN
2010-09-01T12:00:00Z,0.0,9.75,74.25,NaN,NaN,NaN,NaN,NaN
2010-09-01T12:00:00Z,0.0,9.75,74.5,NaN,NaN,NaN,NaN,NaN
2010-09-01T12:00:00Z,0.0,9.75,74.75,NaN,NaN,NaN,NaN,NaN
2010-09-01T12:00:00Z,0.0,9.75,75.0,NaN,NaN,NaN,NaN,NaN
2010-09-01T12:00:00Z,0.0,9.75,75.25,NaN,NaN,NaN,NaN,NaN
2010-09-01T12:00:00Z,0.0,9.75,75.5,NaN,NaN,NaN,NaN,NaN
2010-09-01T12:00:00Z,0.0,9.75,75.75,NaN,NaN,NaN,NaN,NaN
2010-09-01T12:00:00Z,0.0,9.75,76.0,NaN,NaN,NaN,NaN,NaN
2010-09-01T12:00:00Z,0.0,9.75,76.25,NaN,NaN,NaN,NaN,NaN
2010-09-01T12:00:00Z,0.0,9.75,76.5,NaN,NaN,NaN,NaN,NaN
2010-09-01T12:00:00Z,0.0,9.75,76.75,NaN,NaN,NaN,NaN,NaN
2010-09-01T12:00:00Z,0.0,9.75,77.0,NaN,NaN,NaN,NaN,NaN
2010-09-01T12:00:00Z,0.0,9.75,77.25,NaN,NaN,NaN,NaN,NaN
2010-09-01T12:00:00Z,0.0,9.75,77.5,NaN,NaN,NaN,NaN,NaN
2010-09-01T12:00:00Z,0.0,9.75,77.75,NaN,NaN,NaN,NaN,NaN
2010-09-01T12:00:00Z,0.0,9.75,78.0,NaN,NaN,NaN,NaN,NaN
2010-09-01T12:00:00Z,0.0,10.0,70.0,0.02875,0.0253149,NaN,0.038306743,NaN
2010-09-01T12:00:00Z,0.0,10.0,70.25,NaN,NaN,NaN,NaN,NaN
2010-09-01T12:00:00Z,0.0,10.0,70.5,NaN,NaN,NaN,NaN,NaN
2010-09-01T12:00:00Z,0.0,10.0,70.75,NaN,NaN,NaN,NaN,NaN
2010-09-01T12:00:00Z,0.0,10.0,71.0,NaN,NaN,NaN,NaN,NaN
2010-09-01T12:00:00Z,0.0,10.0,71.25,NaN,NaN,NaN,NaN,NaN
2010-09-01T12:00:00Z,0.0,10.0,71.5,NaN,NaN,NaN,NaN,NaN
2010-09-01T12:00:00Z,0.0,10.0,71.75,NaN,NaN,NaN,NaN,NaN
2010-09-01T12:00:00Z,0.0,10.0,72.0,NaN,NaN,NaN,NaN,NaN
2010-09-01T12:00:00Z,0.0,10.0,72.25,NaN,NaN,NaN,NaN,NaN
2010-09-01T12:00:00Z,0.0,10.0,72.5,NaN,NaN,NaN,NaN,NaN
2010-09-01T12:00:00Z,0.0,10.0,72.75,NaN,NaN,NaN,NaN,NaN
2010-09-01T12:00:00Z,0.0,10.0,73.0,NaN,NaN,NaN,NaN,NaN
2010-09-01T12:00:00Z,0.0,10.0,73.25,NaN,NaN,NaN,NaN,NaN
2010-09-01T12:00:00Z,0.0,10.0,73.5,NaN,NaN,NaN,NaN,NaN
2010-09-01T12:00:00Z,0.0,10.0,73.75,NaN,NaN,NaN,NaN,NaN
2010-09-01T12:00:00Z,0.0,10.0,74.0,NaN,NaN,NaN,NaN,NaN
2010-09-01T12:00:00Z,0.0,10.0,74.25,NaN,NaN,NaN,NaN,NaN
2010-09-01T12:00:00Z,0.0,10.0,74.5,NaN,NaN,NaN,NaN,NaN
2010-09-01T12:00:00Z,0.0,10.0,74.75,NaN,NaN,NaN,NaN,NaN
2010-09-01T12:00:00Z,0.0,10.0,75.0,NaN,NaN,NaN,NaN,NaN
2010-09-01T12:00:00Z,0.0,10.0,75.25,NaN,NaN,NaN,NaN,NaN
2010-09-01T12:00:00Z,0.0,10.0,75.5,NaN,NaN,NaN,NaN,NaN
2010-09-01T12:00:00Z,0.0,10.0,75.75,NaN,NaN,NaN,NaN,NaN
2010-09-01T12:00:00Z,0.0,10.0,76.0,NaN,NaN,NaN,NaN,NaN
2010-09-01T12:00:00Z,0.0,10.0,76.25,NaN,NaN,NaN,NaN,NaN
2010-09-01T12:00:00Z,0.0,10.0,76.5,NaN,NaN,NaN,NaN,NaN
2010-09-01T12:00:00Z,0.0,10.0,76.75,NaN,NaN,NaN,NaN,NaN
2010-09-01T12:00:00Z,0.0,10.0,77.0,NaN,NaN,NaN,NaN,NaN
2010-09-01T12:00:00Z,0.0,10.0,77.25,NaN,NaN,NaN,NaN,NaN
2010-09-01T12:00:00Z,0.0,10.0,77.5,NaN,NaN,NaN,NaN,NaN
2010-09-01T12:00:00Z,0.0,10.0,77.75,NaN,NaN,NaN,NaN,NaN
2010-09-01T12:00:00Z,0.0,10.0,78.0,NaN,NaN,NaN,NaN,NaN
2010-09-01T12:00:00Z,0.0,10.25,70.0,0.0245098,0.0376809,NaN,0.04495087,NaN
2010-09-01T12:00:00Z,0.0,10.25,70.25,NaN,NaN,NaN,NaN,NaN
2010-09-01T12:00:00Z,0.0,10.25,70.5,NaN,NaN,NaN,NaN,NaN
2010-09-01T12:00:00Z,0.0,10.25,70.75,NaN,NaN,NaN,NaN,NaN
2010-09-01T12:00:00Z,0.0,10.25,71.0,NaN,NaN,NaN,NaN,NaN
2010-09-01T12:00:00Z,0.0,10.25,71.25,NaN,NaN,NaN,NaN,NaN
2010-09-01T12:00:00Z,0.0,10.25,71.5,NaN,NaN,NaN,NaN,NaN
2010-09-01T12:00:00Z,0.0,10.25,71.75,NaN,NaN,NaN,NaN,NaN
2010-09-01T12:00:00Z,0.0,10.25,72.0,NaN,NaN,NaN,NaN,NaN
2010-09-01T12:00:00Z,0.0,10.25,72.25,NaN,NaN,NaN,NaN,NaN
2010-09-01T12:00:00Z,0.0,10.25,72.5,NaN,NaN,NaN,NaN,NaN
2010-09-01T12:00:00Z,0.0,10.25,72.75,NaN,NaN,NaN,NaN,NaN
2010-09-01T12:00:00Z,0.0,10.25,73.0,NaN,NaN,NaN,NaN,NaN
2010-09-01T12:00:00Z,0.0,10.25,73.25,NaN,NaN,NaN,NaN,NaN
2010-09-01T12:00:00Z,0.0,10.25,73.5,NaN,NaN,NaN,NaN,NaN
2010-09-01T12:00:00Z,0.0,10.25,73.75,NaN,NaN,NaN,NaN,NaN
2010-09-01T12:00:00Z,0.0,10.25,74.0,NaN,NaN,NaN,NaN,NaN
2010-09-01T12:00:00Z,0.0,10.25,74.25,NaN,NaN,NaN,NaN,NaN
2010-09-01T12:00:00Z,0.0,10.25,74.5,NaN,NaN,NaN,NaN,NaN
2010-09-01T12:00:00Z,0.0,10.25,74.75,NaN,NaN,NaN,NaN,NaN
2010-09-01T12:00:00Z,0.0,10.25,75.0,NaN,NaN,NaN,NaN,NaN
2010-09-01T12:00:00Z,0.0,10.25,75.25,NaN,NaN,NaN,NaN,NaN
2010-09-01T12:00:00Z,0.0,10.25,75.5,NaN,NaN,NaN,NaN,NaN
2010-09-01T12:00:00Z,0.0,10.25,75.75,NaN,NaN,NaN,NaN,NaN
2010-09-01T12:00:00Z,0.0,10.25,76.0,NaN,NaN,NaN,NaN,NaN
2010-09-01T12:00:00Z,0.0,10.25,76.25,NaN,NaN,NaN,NaN,NaN
2010-09-01T12:00:00Z,0.0,10.25,76.5,NaN,NaN,NaN,NaN,NaN
2010-09-01T12:00:00Z,0.0,10.25,76.75,NaN,NaN,NaN,NaN,NaN
2010-09-01T12:00:00Z,0.0,10.25,77.0,NaN,NaN,NaN,NaN,NaN
2010-09-01T12:00:00Z,0.0,10.25,77.25,NaN,NaN,NaN,NaN,NaN
2010-09-01T12:00:00Z,0.0,10.25,77.5,NaN,NaN,NaN,NaN,NaN
2010-09-01T12:00:00Z,0.0,10.25,77.75,NaN,NaN,NaN,NaN,NaN
2010-09-01T12:00:00Z,0.0,10.25,78.0,NaN,NaN,NaN,NaN,NaN
2010-09-01T12:00:00Z,0.0,10.5,70.0,0.0238765,0.0195362,NaN,0.030850451,NaN
2010-09-01T12:00:00Z,0.0,10.5,70.25,NaN,NaN,NaN,NaN,NaN
2010-09-01T12:00:00Z,0.0,10.5,70.5,NaN,NaN,NaN,NaN,NaN
2010-09-01T12:00:00Z,0.0,10.5,70.75,NaN,NaN,NaN,NaN,NaN
2010-09-01T12:00:00Z,0.0,10.5,71.0,NaN,NaN,NaN,NaN,NaN
2010-09-01T12:00:00Z,0.0,10.5,71.25,NaN,NaN,NaN,NaN,NaN
2010-09-01T12:00:00Z,0.0,10.5,71.5,NaN,NaN,NaN,NaN,NaN
2010-09-01T12:00:00Z,0.0,10.5,71.75,NaN,NaN,NaN,NaN,NaN
2010-09-01T12:00:00Z,0.0,10.5,72.0,NaN,NaN,NaN,NaN,NaN
2010-09-01T12:00:00Z,0.0,10.5,72.25,NaN,NaN,NaN,NaN,NaN
2010-09-01T12:00:00Z,0.0,10.5,72.5,NaN,NaN,NaN,NaN,NaN
2010-09-01T12:00:00Z,0.0,10.5,72.75,NaN,NaN,NaN,NaN,NaN
2010-09-01T12:00:00Z,0.0,10.5,73.0,NaN,NaN,NaN,NaN,NaN
2010-09-01T12:00:00Z,0.0,10.5,73.25,NaN,NaN,NaN,NaN,NaN
2010-09-01T12:00:00Z,0.0,10.5,73.5,NaN,NaN,NaN,NaN,NaN
2010-09-01T12:00:00Z,0.0,10.5,73.75,NaN,NaN,NaN,NaN,NaN
2010-09-01T12:00:00Z,0.0,10.5,74.0,NaN,NaN,NaN,NaN,NaN
2010-09-01T12:00:00Z,0.0,10.5,74.25,NaN,NaN,NaN,NaN,NaN
2010-09-01T12:00:00Z,0.0,10.5,74.5,NaN,NaN,NaN,NaN,NaN
2010-09-01T12:00:00Z,0.0,10.5,74.75,NaN,NaN,NaN,NaN,NaN
2010-09-01T12:00:00Z,0.0,10.5,75.0,NaN,NaN,NaN,NaN,NaN
2010-09-01T12:00:00Z,0.0,10.5,75.25,NaN,NaN,NaN,NaN,NaN
2010-09-01T12:00:00Z,0.0,10.5,75.5,NaN,NaN,NaN,NaN,NaN
2010-09-01T12:00:00Z,0.0,10.5,75.75,NaN,NaN,NaN,NaN,NaN
2010-09-01T12:00:00Z,0.0,10.5,76.0,NaN,NaN,NaN,NaN,NaN
2010-09-01T12:00:00Z,0.0,10.5,76.25,NaN,NaN,NaN,NaN,NaN
2010-09-01T12:00:00Z,0.0,10.5,76.5,NaN,NaN,NaN,NaN,NaN
2010-09-01T12:00:00Z,0.0,10.5,76.75,NaN,NaN,NaN,NaN,NaN
2010-09-01T12:00:00Z,0.0,10.5,77.0,NaN,NaN,NaN,NaN,NaN
2010-09-01T12:00:00Z,0.0,10.5,77.25,NaN,NaN,NaN,NaN,NaN
2010-09-01T12:00:00Z,0.0,10.5,77.5,NaN,NaN,NaN,NaN,NaN
2010-09-01T12:00:00Z,0.0,10.5,77.75,NaN,NaN,NaN,NaN,NaN
2010-09-01T12:00:00Z,0.0,10.5,78.0,NaN,NaN,NaN,NaN,NaN
2010-09-01T12:00:00Z,0.0,10.75,70.0,0.0364046,0.010249,NaN,0.037819795,NaN
2010-09-01T12:00:00Z,0.0,10.75,70.25,NaN,NaN,NaN,NaN,NaN
2010-09-01T12:00:00Z,0.0,10.75,70.5,NaN,NaN,NaN,NaN,NaN
2010-09-01T12:00:00Z,0.0,10.75,70.75,NaN,NaN,NaN,NaN,NaN
2010-09-01T12:00:00Z,0.0,10.75,71.0,NaN,NaN,NaN,NaN,NaN
2010-09-01T12:00:00Z,0.0,10.75,71.25,NaN,NaN,NaN,NaN,NaN
2010-09-01T12:00:00Z,0.0,10.75,71.5,NaN,NaN,NaN,NaN,NaN
2010-09-01T12:00:00Z,0.0,10.75,71.75,NaN,NaN,NaN,NaN,NaN
2010-09-01T12:00:00Z,0.0,10.75,72.0,NaN,NaN,NaN,NaN,NaN
2010-09-01T12:00:00Z,0.0,10.75,72.25,NaN,NaN,NaN,NaN,NaN
2010-09-01T12:00:00Z,0.0,10.75,72.5,NaN,NaN,NaN,NaN,NaN
2010-09-01T12:00:00Z,0.0,10.75,72.75,NaN,NaN,NaN,NaN,NaN
2010-09-01T12:00:00Z,0.0,10.75,73.0,NaN,NaN,NaN,NaN,NaN
2010-09-01T12:00:00Z,0.0,10.75,73.25,NaN,NaN,NaN,NaN,NaN
2010-09-01T12:00:00Z,0.0,10.75,73.5,NaN,NaN,NaN,NaN,NaN
2010-09-01T12:00:00Z,0.0,10.75,73.75,NaN,NaN,NaN,NaN,NaN
2010-09-01T12:00:00Z,0.0,10.75,74.0,NaN,NaN,NaN,NaN,NaN
2010-09-01T12:00:00Z,0.0,10.75,74.25,NaN,NaN,NaN,NaN,NaN
2010-09-01T12:00:00Z,0.0,10.75,74.5,NaN,NaN,NaN,NaN,NaN
2010-09-01T12:00:00Z,0.0,10.75,74.75,NaN,NaN,NaN,NaN,NaN
2010-09-01T12:00:00Z,0.0,10.75,75.0,NaN,NaN,NaN,NaN,NaN
2010-09-01T12:00:00Z,0.0,10.75,75.25,NaN,NaN,NaN,NaN,NaN
2010-09-01T12:00:00Z,0.0,10.75,75.5,NaN,NaN,NaN,NaN,NaN
2010-09-01T12:00:00Z,0.0,10.75,75.75,NaN,NaN,NaN,NaN,NaN
2010-09-01T12:00:00Z,0.0,10.75,76.0,NaN,NaN,NaN,NaN,NaN
2010-09-01T12:00:00Z,0.0,10.75,76.25,NaN,NaN,NaN,NaN,NaN
2010-09-01T12:00:00Z,0.0,10.75,76.5,NaN,NaN,NaN,NaN,NaN
2010-09-01T12:00:00Z,0.0,10.75,76.75,NaN,NaN,NaN,NaN,NaN
2010-09-01T12:00:00Z,0.0,10.75,77.0,NaN,NaN,NaN,NaN,NaN
2010-09-01T12:00:00Z,0.0,10.75,77.25,NaN,NaN,NaN,NaN,NaN
2010-09-01T12:00:00Z,0.0,10.75,77.5,NaN,NaN,NaN,NaN,NaN
2010-09-01T12:00:00Z,0.0,10.75,77.75,NaN,NaN,NaN,NaN,NaN
2010-09-01T12:00:00Z,0.0,10.75,78.0,NaN,NaN,NaN,NaN,NaN
2010-09-01T12:00:00Z,0.0,11.0,70.0,0.0340175,0.0193332,NaN,0.03912752,NaN
2010-09-01T12:00:00Z,0.0,11.0,70.25,NaN,NaN,NaN,NaN,NaN
2010-09-01T12:00:00Z,0.0,11.0,70.5,NaN,NaN,NaN,NaN,NaN
2010-09-01T12:00:00Z,0.0,11.0,70.75,NaN,NaN,NaN,NaN,NaN
2010-09-01T12:00:00Z,0.0,11.0,71.0,NaN,NaN,NaN,NaN,NaN
2010-09-01T12:00:00Z,0.0,11.0,71.25,NaN,NaN,NaN,NaN,NaN
2010-09-01T12:00:00Z,0.0,11.0,71.5,NaN,NaN,NaN,NaN,NaN
2010-09-01T12:00:00Z,0.0,11.0,71.75,NaN,NaN,NaN,NaN,NaN
2010-09-01T12:00:00Z,0.0,11.0,72.0,NaN,NaN,NaN,NaN,NaN
2010-09-01T12:00:00Z,0.0,11.0,72.25,NaN,NaN,NaN,NaN,NaN
2010-09-01T12:00:00Z,0.0,11.0,72.5,NaN,NaN,NaN,NaN,NaN
2010-09-01T12:00:00Z,0.0,11.0,72.75,NaN,NaN,NaN,NaN,NaN
2010-09-01T12:00:00Z,0.0,11.0,73.0,NaN,NaN,NaN,NaN,NaN
2010-09-01T12:00:00Z,0.0,11.0,73.25,NaN,NaN,NaN,NaN,NaN
2010-09-01T12:00:00Z,0.0,11.0,73.5,NaN,NaN,NaN,NaN,NaN
2010-09-01T12:00:00Z,0.0,11.0,73.75,NaN,NaN,NaN,NaN,NaN
2010-09-01T12:00:00Z,0.0,11.0,74.0,NaN,NaN,NaN,NaN,NaN
2010-09-01T12:00:00Z,0.0,11.0,74.25,NaN,NaN,NaN,NaN,NaN
2010-09-01T12:00:00Z,0.0,11.0,74.5,NaN,NaN,NaN,NaN,NaN
2010-09-01T12:00:00Z,0.0,11.0,74.75,NaN,NaN,NaN,NaN,NaN
2010-09-01T12:00:00Z,0.0,11.0,75.0,NaN,NaN,NaN,NaN,NaN
2010-09-01T12:00:00Z,0.0,11.0,75.25,NaN,NaN,NaN,NaN,NaN
2010-09-01T12:00:00Z,0.0,11.0,75.5,NaN,NaN,NaN,NaN,NaN
2010-09-01T12:00:00Z,0.0,11.0,75.75,NaN,NaN,NaN,NaN,NaN
2010-09-01T12:00:00Z,0.0,11.0,76.0,NaN,NaN,NaN,NaN,NaN
2010-09-01T12:00:00Z,0.0,11.0,76.25,NaN,NaN,NaN,NaN,NaN
2010-09-01T12:00:00Z,0.0,11.0,76.5,NaN,NaN,NaN,NaN,NaN
2010-09-01T12:00:00Z,0.0,11.0,76.75,NaN,NaN,NaN,NaN,NaN
2010-09-01T12:00:00Z,0.0,11.0,77.0,NaN,NaN,NaN,NaN,NaN
2010-09-01T12:00:00Z,0.0,11.0,77.25,NaN,NaN,NaN,NaN,NaN
2010-09-01T12:00:00Z,0.0,11.0,77.5,NaN,NaN,NaN,NaN,NaN
2010-09-01T12:00:00Z,0.0,11.0,77.75,NaN,NaN,NaN,NaN,NaN
2010-09-01T12:00:00Z,0.0,11.0,78.0,NaN,NaN,NaN,NaN,NaN
2010-09-01T12:00:00Z,0.0,11.25,70.0,0.0323736,0.0308935,-4.49177E-7,0.044748835,-1.54064E-5
2010-09-01T12:00:00Z,0.0,11.25,70.25,0.0364585,0.0207176,NaN,0.04193377,NaN
2010-09-01T12:00:00Z,0.0,11.25,70.5,NaN,NaN,NaN,NaN,NaN
2010-09-01T12:00:00Z,0.0,11.25,70.75,NaN,NaN,NaN,NaN,NaN
2010-09-01T12:00:00Z,0.0,11.25,71.0,NaN,NaN,NaN,NaN,NaN
2010-09-01T12:00:00Z,0.0,11.25,71.25,NaN,NaN,NaN,NaN,NaN
2010-09-01T12:00:00Z,0.0,11.25,71.5,NaN,NaN,NaN,NaN,NaN
2010-09-01T12:00:00Z,0.0,11.25,71.75,NaN,NaN,NaN,NaN,NaN
2010-09-01T12:00:00Z,0.0,11.25,72.0,NaN,NaN,NaN,NaN,NaN
2010-09-01T12:00:00Z,0.0,11.25,72.25,NaN,NaN,NaN,NaN,NaN
2010-09-01T12:00:00Z,0.0,11.25,72.5,NaN,NaN,NaN,NaN,NaN
2010-09-01T12:00:00Z,0.0,11.25,72.75,NaN,NaN,NaN,NaN,NaN
2010-09-01T12:00:00Z,0.0,11.25,73.0,NaN,NaN,NaN,NaN,NaN
2010-09-01T12:00:00Z,0.0,11.25,73.25,NaN,NaN,NaN,NaN,NaN
2010-09-01T12:00:00Z,0.0,11.25,73.5,NaN,NaN,NaN,NaN,NaN
2010-09-01T12:00:00Z,0.0,11.25,73.75,NaN,NaN,NaN,NaN,NaN
2010-09-01T12:00:00Z,0.0,11.25,74.0,NaN,NaN,NaN,NaN,NaN
2010-09-01T12:00:00Z,0.0,11.25,74.25,NaN,NaN,NaN,NaN,NaN
2010-09-01T12:00:00Z,0.0,11.25,74.5,NaN,NaN,NaN,NaN,NaN
2010-09-01T12:00:00Z,0.0,11.25,74.75,NaN,NaN,NaN,NaN,NaN
2010-09-01T12:00:00Z,0.0,11.25,75.0,NaN,NaN,NaN,NaN,NaN
2010-09-01T12:00:00Z,0.0,11.25,75.25,NaN,NaN,NaN,NaN,NaN
2010-09-01T12:00:00Z,0.0,11.25,75.5,NaN,NaN,NaN,NaN,NaN
2010-09-01T12:00:00Z,0.0,11.25,75.75,NaN,NaN,NaN,NaN,NaN
2010-09-01T12:00:00Z,0.0,11.25,76.0,NaN,NaN,NaN,NaN,NaN
2010-09-01T12:00:00Z,0.0,11.25,76.25,NaN,NaN,NaN,NaN,NaN
2010-09-01T12:00:00Z,0.0,11.25,76.5,NaN,NaN,NaN,NaN,NaN
2010-09-01T12:00:00Z,0.0,11.25,76.75,NaN,NaN,NaN,NaN,NaN
2010-09-01T12:00:00Z,0.0,11.25,77.0,NaN,NaN,NaN,NaN,NaN
2010-09-01T12:00:00Z,0.0,11.25,77.25,NaN,NaN,NaN,NaN,NaN
2010-09-01T12:00:00Z,0.0,11.25,77.5,NaN,NaN,NaN,NaN,NaN
2010-09-01T12:00:00Z,0.0,11.25,77.75,NaN,NaN,NaN,NaN,NaN
2010-09-01T12:00:00Z,0.0,11.25,78.0,NaN,NaN,NaN,NaN,NaN
2010-09-01T12:00:00Z,0.0,11.5,70.0,0.0408479,0.0375608,-3.02265E-7,0.05549202,-1.0145E-5
2010-09-01T12:00:00Z,0.0,11.5,70.25,0.0351462,0.0436907,NaN,0.056072563,NaN
2010-09-01T12:00:00Z,0.0,11.5,70.5,NaN,NaN,NaN,NaN,NaN
2010-09-01T12:00:00Z,0.0,11.5,70.75,NaN,NaN,NaN,NaN,NaN
2010-09-01T12:00:00Z,0.0,11.5,71.0,NaN,NaN,NaN,NaN,NaN
2010-09-01T12:00:00Z,0.0,11.5,71.25,NaN,NaN,NaN,NaN,NaN
2010-09-01T12:00:00Z,0.0,11.5,71.5,NaN,NaN,NaN,NaN,NaN
2010-09-01T12:00:00Z,0.0,11.5,71.75,NaN,NaN,NaN,NaN,NaN
2010-09-01T12:00:00Z,0.0,11.5,72.0,NaN,NaN,NaN,NaN,NaN
2010-09-01T12:00:00Z,0.0,11.5,72.25,NaN,NaN,NaN,NaN,NaN
2010-09-01T12:00:00Z,0.0,11.5,72.5,NaN,NaN,NaN,NaN,NaN
2010-09-01T12:00:00Z,0.0,11.5,72.75,NaN,NaN,NaN,NaN,NaN
2010-09-01T12:00:00Z,0.0,11.5,73.0,NaN,NaN,NaN,NaN,NaN
2010-09-01T12:00:00Z,0.0,11.5,73.25,NaN,NaN,NaN,NaN,NaN
2010-09-01T12:00:00Z,0.0,11.5,73.5,NaN,NaN,NaN,NaN,NaN
2010-09-01T12:00:00Z,0.0,11.5,73.75,NaN,NaN,NaN,NaN,NaN
2010-09-01T12:00:00Z,0.0,11.5,74.0,NaN,NaN,NaN,NaN,NaN
2010-09-01T12:00:00Z,0.0,11.5,74.25,NaN,NaN,NaN,NaN,NaN
2010-09-01T12:00:00Z,0.0,11.5,74.5,NaN,NaN,NaN,NaN,NaN
2010-09-01T12:00:00Z,0.0,11.5,74.75,NaN,NaN,NaN,NaN,NaN
2010-09-01T12:00:00Z,0.0,11.5,75.0,NaN,NaN,NaN,NaN,NaN
2010-09-01T12:00:00Z,0.0,11.5,75.25,NaN,NaN,NaN,NaN,NaN
2010-09-01T12:00:00Z,0.0,11.5,75.5,NaN,NaN,NaN,NaN,NaN
2010-09-01T12:00:00Z,0.0,11.5,75.75,NaN,NaN,NaN,NaN,NaN
2010-09-01T12:00:00Z,0.0,11.5,76.0,NaN,NaN,NaN,NaN,NaN
2010-09-01T12:00:00Z,0.0,11.5,76.25,NaN,NaN,NaN,NaN,NaN
2010-09-01T12:00:00Z,0.0,11.5,76.5,NaN,NaN,NaN,NaN,NaN
2010-09-01T12:00:00Z,0.0,11.5,76.75,NaN,NaN,NaN,NaN,NaN
2010-09-01T12:00:00Z,0.0,11.5,77.0,NaN,NaN,NaN,NaN,NaN
2010-09-01T12:00:00Z,0.0,11.5,77.25,NaN,NaN,NaN,NaN,NaN
2010-09-01T12:00:00Z,0.0,11.5,77.5,NaN,NaN,NaN,NaN,NaN
2010-09-01T12:00:00Z,0.0,11.5,77.75,NaN,NaN,NaN,NaN,NaN
2010-09-01T12:00:00Z,0.0,11.5,78.0,NaN,NaN,NaN,NaN,NaN
2010-09-01T12:00:00Z,0.0,11.75,70.0,0.0490811,0.0325818,-4.34892E-7,0.058911186,-1.429E-5
2010-09-01T12:00:00Z,0.0,11.75,70.25,0.0412178,0.0398349,NaN,0.057321258,NaN
2010-09-01T12:00:00Z,0.0,11.75,70.5,NaN,NaN,NaN,NaN,NaN
2010-09-01T12:00:00Z,0.0,11.75,70.75,NaN,NaN,NaN,NaN,NaN
2010-09-01T12:00:00Z,0.0,11.75,71.0,NaN,NaN,NaN,NaN,NaN
2010-09-01T12:00:00Z,0.0,11.75,71.25,NaN,NaN,NaN,NaN,NaN
2010-09-01T12:00:00Z,0.0,11.75,71.5,NaN,NaN,NaN,NaN,NaN
2010-09-01T12:00:00Z,0.0,11.75,71.75,NaN,NaN,NaN,NaN,NaN
2010-09-01T12:00:00Z,0.0,11.75,72.0,NaN,NaN,NaN,NaN,NaN
2010-09-01T12:00:00Z,0.0,11.75,72.25,NaN,NaN,NaN,NaN,NaN
2010-09-01T12:00:00Z,0.0,11.75,72.5,NaN,NaN,NaN,NaN,NaN
2010-09-01T12:00:00Z,0.0,11.75,72.75,NaN,NaN,NaN,NaN,NaN
2010-09-01T12:00:00Z,0.0,11.75,73.0,NaN,NaN,NaN,NaN,NaN
2010-09-01T12:00:00Z,0.0,11.75,73.25,NaN,NaN,NaN,NaN,NaN
2010-09-01T12:00:00Z,0.0,11.75,73.5,NaN,NaN,NaN,NaN,NaN
2010-09-01T12:00:00Z,0.0,11.75,73.75,NaN,NaN,NaN,NaN,NaN
2010-09-01T12:00:00Z,0.0,11.75,74.0,NaN,NaN,NaN,NaN,NaN
2010-09-01T12:00:00Z,0.0,11.75,74.25,NaN,NaN,NaN,NaN,NaN
2010-09-01T12:00:00Z,0.0,11.75,74.5,NaN,NaN,NaN,NaN,NaN
2010-09-01T12:00:00Z,0.0,11.75,74.75,NaN,NaN,NaN,NaN,NaN
2010-09-01T12:00:00Z,0.0,11.75,75.0,NaN,NaN,NaN,NaN,NaN
2010-09-01T12:00:00Z,0.0,11.75,75.25,NaN,NaN,NaN,NaN,NaN
2010-09-01T12:00:00Z,0.0,11.75,75.5,NaN,NaN,NaN,NaN,NaN
2010-09-01T12:00:00Z,0.0,11.75,75.75,NaN,NaN,NaN,NaN,NaN
2010-09-01T12:00:00Z,0.0,11.75,76.0,NaN,NaN,NaN,NaN,NaN
2010-09-01T12:00:00Z,0.0,11.75,76.25,NaN,NaN,NaN,NaN,NaN
2010-09-01T12:00:00Z,0.0,11.75,76.5,NaN,NaN,NaN,NaN,NaN
2010-09-01T12:00:00Z,0.0,11.75,76.75,NaN,NaN,NaN,NaN,NaN
2010-09-01T12:00:00Z,0.0,11.75,77.0,NaN,NaN,NaN,NaN,NaN
2010-09-01T12:00:00Z,0.0,11.75,77.25,NaN,NaN,NaN,NaN,NaN
2010-09-01T12:00:00Z,0.0,11.75,77.5,NaN,NaN,NaN,NaN,NaN
2010-09-01T12:00:00Z,0.0,11.75,77.75,NaN,NaN,NaN,NaN,NaN
2010-09-01T12:00:00Z,0.0,11.75,78.0,NaN,NaN,NaN,NaN,NaN
2010-09-01T12:00:00Z,0.0,12.0,70.0,0.051457,0.0504302,-3.56457E-7,0.07204879,-1.14722E-5
2010-09-01T12:00:00Z,0.0,12.0,70.25,0.0465787,0.0438285,NaN,0.06395712,NaN
2010-09-01T12:00:00Z,0.0,12.0,70.5,NaN,NaN,NaN,NaN,NaN
2010-09-01T12:00:00Z,0.0,12.0,70.75,NaN,NaN,NaN,NaN,NaN
2010-09-01T12:00:00Z,0.0,12.0,71.0,NaN,NaN,NaN,NaN,NaN
2010-09-01T12:00:00Z,0.0,12.0,71.25,NaN,NaN,NaN,NaN,NaN
2010-09-01T12:00:00Z,0.0,12.0,71.5,NaN,NaN,NaN,NaN,NaN
2010-09-01T12:00:00Z,0.0,12.0,71.75,NaN,NaN,NaN,NaN,NaN
2010-09-01T12:00:00Z,0.0,12.0,72.0,NaN,NaN,NaN,NaN,NaN
2010-09-01T12:00:00Z,0.0,12.0,72.25,NaN,NaN,NaN,NaN,NaN
2010-09-01T12:00:00Z,0.0,12.0,72.5,NaN,NaN,NaN,NaN,NaN
2010-09-01T12:00:00Z,0.0,12.0,72.75,NaN,NaN,NaN,NaN,NaN
2010-09-01T12:00:00Z,0.0,12.0,73.0,NaN,NaN,NaN,NaN,NaN
2010-09-01T12:00:00Z,0.0,12.0,73.25,NaN,NaN,NaN,NaN,NaN
2010-09-01T12:00:00Z,0.0,12.0,73.5,NaN,NaN,NaN,NaN,NaN
2010-09-01T12:00:00Z,0.0,12.0,73.75,NaN,NaN,NaN,NaN,NaN
2010-09-01T12:00:00Z,0.0,12.0,74.0,NaN,NaN,NaN,NaN,NaN
2010-09-01T12:00:00Z,0.0,12.0,74.25,NaN,NaN,NaN,NaN,NaN
2010-09-01T12:00:00Z,0.0,12.0,74.5,NaN,NaN,NaN,NaN,NaN
2010-09-01T12:00:00Z,0.0,12.0,74.75,NaN,NaN,NaN,NaN,NaN
2010-09-01T12:00:00Z,0.0,12.0,75.0,NaN,NaN,NaN,NaN,NaN
2010-09-01T12:00:00Z,0.0,12.0,75.25,NaN,NaN,NaN,NaN,NaN
2010-09-01T12:00:00Z,0.0,12.0,75.5,NaN,NaN,NaN,NaN,NaN
2010-09-01T12:00:00Z,0.0,12.0,75.75,NaN,NaN,NaN,NaN,NaN
2010-09-01T12:00:00Z,0.0,12.0,76.0,NaN,NaN,NaN,NaN,NaN
2010-09-01T12:00:00Z,0.0,12.0,76.25,NaN,NaN,NaN,NaN,NaN
2010-09-01T12:00:00Z,0.0,12.0,76.5,NaN,NaN,NaN,NaN,NaN
2010-09-01T12:00:00Z,0.0,12.0,76.75,NaN,NaN,NaN,NaN,NaN
2010-09-01T12:00:00Z,0.0,12.0,77.0,NaN,NaN,NaN,NaN,NaN
2010-09-01T12:00:00Z,0.0,12.0,77.25,NaN,NaN,NaN,NaN,NaN
2010-09-01T12:00:00Z,0.0,12.0,77.5,NaN,NaN,NaN,NaN,NaN
2010-09-01T12:00:00Z,0.0,12.0,77.75,NaN,NaN,NaN,NaN,NaN
2010-09-01T12:00:00Z,0.0,12.0,78.0,NaN,NaN,NaN,NaN,NaN
2010-09-01T12:00:00Z,0.0,12.25,70.0,0.0580894,0.060328,-1.53321E-7,0.083748706,-4.83527E-6
2010-09-01T12:00:00Z,0.0,12.25,70.25,0.0503856,0.0540478,NaN,0.07389096,NaN
2010-09-01T12:00:00Z,0.0,12.25,70.5,NaN,NaN,NaN,NaN,NaN
2010-09-01T12:00:00Z,0.0,12.25,70.75,NaN,NaN,NaN,NaN,NaN
2010-09-01T12:00:00Z,0.0,12.25,71.0,NaN,NaN,NaN,NaN,NaN
2010-09-01T12:00:00Z,0.0,12.25,71.25,NaN,NaN,NaN,NaN,NaN
2010-09-01T12:00:00Z,0.0,12.25,71.5,NaN,NaN,NaN,NaN,NaN
2010-09-01T12:00:00Z,0.0,12.25,71.75,NaN,NaN,NaN,NaN,NaN
2010-09-01T12:00:00Z,0.0,12.25,72.0,NaN,NaN,NaN,NaN,NaN
2010-09-01T12:00:00Z,0.0,12.25,72.25,NaN,NaN,NaN,NaN,NaN
2010-09-01T12:00:00Z,0.0,12.25,72.5,NaN,NaN,NaN,NaN,NaN
2010-09-01T12:00:00Z,0.0,12.25,72.75,NaN,NaN,NaN,NaN,NaN
2010-09-01T12:00:00Z,0.0,12.25,73.0,NaN,NaN,NaN,NaN,NaN
2010-09-01T12:00:00Z,0.0,12.25,73.25,NaN,NaN,NaN,NaN,NaN
2010-09-01T12:00:00Z,0.0,12.25,73.5,NaN,NaN,NaN,NaN,NaN
2010-09-01T12:00:00Z,0.0,12.25,73.75,NaN,NaN,NaN,NaN,NaN
2010-09-01T12:00:00Z,0.0,12.25,74.0,NaN,NaN,NaN,NaN,NaN
2010-09-01T12:00:00Z,0.0,12.25,74.25,NaN,NaN,NaN,NaN,NaN
2010-09-01T12:00:00Z,0.0,12.25,74.5,NaN,NaN,NaN,NaN,NaN
2010-09-01T12:00:00Z,0.0,12.25,74.75,NaN,NaN,NaN,NaN,NaN
2010-09-01T12:00:00Z,0.0,12.25,75.0,NaN,NaN,NaN,NaN,NaN
2010-09-01T12:00:00Z,0.0,12.25,75.25,NaN,NaN,NaN,NaN,NaN
2010-09-01T12:00:00Z,0.0,12.25,75.5,NaN,NaN,NaN,NaN,NaN
2010-09-01T12:00:00Z,0.0,12.25,75.75,NaN,NaN,NaN,NaN,NaN
2010-09-01T12:00:00Z,0.0,12.25,76.0,NaN,NaN,NaN,NaN,NaN
2010-09-01T12:00:00Z,0.0,12.25,76.25,NaN,NaN,NaN,NaN,NaN
2010-09-01T12:00:00Z,0.0,12.25,76.5,NaN,NaN,NaN,NaN,NaN
2010-09-01T12:00:00Z,0.0,12.25,76.75,NaN,NaN,NaN,NaN,NaN
2010-09-01T12:00:00Z,0.0,12.25,77.0,NaN,NaN,NaN,NaN,NaN
2010-09-01T12:00:00Z,0.0,12.25,77.25,NaN,NaN,NaN,NaN,NaN
2010-09-01T12:00:00Z,0.0,12.25,77.5,NaN,NaN,NaN,NaN,NaN
2010-09-01T12:00:00Z,0.0,12.25,77.75,NaN,NaN,NaN,NaN,NaN
2010-09-01T12:00:00Z,0.0,12.25,78.0,NaN,NaN,NaN,NaN,NaN
2010-09-01T12:00:00Z,0.0,12.5,70.0,0.0532015,0.0670095,4.29707E-8,0.08556093,1.32848E-6
2010-09-01T12:00:00Z,0.0,12.5,70.25,0.0492186,0.0574009,-3.50553E-7,0.07561305,-1.08377E-5
2010-09-01T12:00:00Z,0.0,12.5,70.5,0.0435094,0.0541409,NaN,0.06945722,NaN
2010-09-01T12:00:00Z,0.0,12.5,70.75,NaN,NaN,NaN,NaN,NaN
2010-09-01T12:00:00Z,0.0,12.5,71.0,NaN,NaN,NaN,NaN,NaN
2010-09-01T12:00:00Z,0.0,12.5,71.25,NaN,NaN,NaN,NaN,NaN
2010-09-01T12:00:00Z,0.0,12.5,71.5,NaN,NaN,NaN,NaN,NaN
2010-09-01T12:00:00Z,0.0,12.5,71.75,NaN,NaN,NaN,NaN,NaN
2010-09-01T12:00:00Z,0.0,12.5,72.0,NaN,NaN,NaN,NaN,NaN
2010-09-01T12:00:00Z,0.0,12.5,72.25,NaN,NaN,NaN,NaN,NaN
2010-09-01T12:00:00Z,0.0,12.5,72.5,NaN,NaN,NaN,NaN,NaN
2010-09-01T12:00:00Z,0.0,12.5,72.75,NaN,NaN,NaN,NaN,NaN
2010-09-01T12:00:00Z,0.0,12.5,73.0,NaN,NaN,NaN,NaN,NaN
2010-09-01T12:00:00Z,0.0,12.5,73.25,NaN,NaN,NaN,NaN,NaN
2010-09-01T12:00:00Z,0.0,12.5,73.5,NaN,NaN,NaN,NaN,NaN
2010-09-01T12:00:00Z,0.0,12.5,73.75,NaN,NaN,NaN,NaN,NaN
2010-09-01T12:00:00Z,0.0,12.5,74.0,NaN,NaN,NaN,NaN,NaN
2010-09-01T12:00:00Z,0.0,12.5,74.25,NaN,NaN,NaN,NaN,NaN
2010-09-01T12:00:00Z,0.0,12.5,74.5,NaN,NaN,NaN,NaN,NaN
2010-09-01T12:00:00Z,0.0,12.5,74.75,NaN,NaN,NaN,NaN,NaN
2010-09-01T12:00:00Z,0.0,12.5,75.0,NaN,NaN,NaN,NaN,NaN
2010-09-01T12:00:00Z,0.0,12.5,75.25,NaN,NaN,NaN,NaN,NaN
2010-09-01T12:00:00Z,0.0,12.5,75.5,NaN,NaN,NaN,NaN,NaN
2010-09-01T12:00:00Z,0.0,12.5,75.75,NaN,NaN,NaN,NaN,NaN
2010-09-01T12:00:00Z,0.0,12.5,76.0,NaN,NaN,NaN,NaN,NaN
2010-09-01T12:00:00Z,0.0,12.5,76.25,NaN,NaN,NaN,NaN,NaN
2010-09-01T12:00:00Z,0.0,12.5,76.5,NaN,NaN,NaN,NaN,NaN
2010-09-01T12:00:00Z,0.0,12.5,76.75,NaN,NaN,NaN,NaN,NaN
2010-09-01T12:00:00Z,0.0,12.5,77.0,NaN,NaN,NaN,NaN,NaN
2010-09-01T12:00:00Z,0.0,12.5,77.25,NaN,NaN,NaN,NaN,NaN
2010-09-01T12:00:00Z,0.0,12.5,77.5,NaN,NaN,NaN,NaN,NaN
2010-09-01T12:00:00Z,0.0,12.5,77.75,NaN,NaN,NaN,NaN,NaN
2010-09-01T12:00:00Z,0.0,12.5,78.0,NaN,NaN,NaN,NaN,NaN
2010-09-01T12:00:00Z,0.0,12.75,70.0,0.0610891,0.060798,-4.89445E-7,0.08618744,-1.48397E-5
2010-09-01T12:00:00Z,0.0,12.75,70.25,0.0566602,0.0462207,-3.34274E-7,0.07312135,-1.0135E-5
2010-09-01T12:00:00Z,0.0,12.75,70.5,0.048031,0.0521629,NaN,0.070908,NaN
2010-09-01T12:00:00Z,0.0,12.75,70.75,NaN,NaN,NaN,NaN,NaN
2010-09-01T12:00:00Z,0.0,12.75,71.0,NaN,NaN,NaN,NaN,NaN
2010-09-01T12:00:00Z,0.0,12.75,71.25,NaN,NaN,NaN,NaN,NaN
2010-09-01T12:00:00Z,0.0,12.75,71.5,NaN,NaN,NaN,NaN,NaN
2010-09-01T12:00:00Z,0.0,12.75,71.75,NaN,NaN,NaN,NaN,NaN
2010-09-01T12:00:00Z,0.0,12.75,72.0,NaN,NaN,NaN,NaN,NaN
2010-09-01T12:00:00Z,0.0,12.75,72.25,NaN,NaN,NaN,NaN,NaN
2010-09-01T12:00:00Z,0.0,12.75,72.5,NaN,NaN,NaN,NaN,NaN
2010-09-01T12:00:00Z,0.0,12.75,72.75,NaN,NaN,NaN,NaN,NaN
2010-09-01T12:00:00Z,0.0,12.75,73.0,NaN,NaN,NaN,NaN,NaN
2010-09-01T12:00:00Z,0.0,12.75,73.25,NaN,NaN,NaN,NaN,NaN
2010-09-01T12:00:00Z,0.0,12.75,73.5,NaN,NaN,NaN,NaN,NaN
2010-09-01T12:00:00Z,0.0,12.75,73.75,NaN,NaN,NaN,NaN,NaN
2010-09-01T12:00:00Z,0.0,12.75,74.0,NaN,NaN,NaN,NaN,NaN
2010-09-01T12:00:00Z,0.0,12.75,74.25,NaN,NaN,NaN,NaN,NaN
2010-09-01T12:00:00Z,0.0,12.75,74.5,NaN,NaN,NaN,NaN,NaN
2010-09-01T12:00:00Z,0.0,12.75,74.75,NaN,NaN,NaN,NaN,NaN
2010-09-01T12:00:00Z,0.0,12.75,75.0,NaN,NaN,NaN,NaN,NaN
2010-09-01T12:00:00Z,0.0,12.75,75.25,NaN,NaN,NaN,NaN,NaN
2010-09-01T12:00:00Z,0.0,12.75,75.5,NaN,NaN,NaN,NaN,NaN
2010-09-01T12:00:00Z,0.0,12.75,75.75,NaN,NaN,NaN,NaN,NaN
2010-09-01T12:00:00Z,0.0,12.75,76.0,NaN,NaN,NaN,NaN,NaN
2010-09-01T12:00:00Z,0.0,12.75,76.25,NaN,NaN,NaN,NaN,NaN
2010-09-01T12:00:00Z,0.0,12.75,76.5,NaN,NaN,NaN,NaN,NaN
2010-09-01T12:00:00Z,0.0,12.75,76.75,NaN,NaN,NaN,NaN,NaN
2010-09-01T12:00:00Z,0.0,12.75,77.0,NaN,NaN,NaN,NaN,NaN
2010-09-01T12:00:00Z,0.0,12.75,77.25,NaN,NaN,NaN,NaN,NaN
2010-09-01T12:00:00Z,0.0,12.75,77.5,NaN,NaN,NaN,NaN,NaN
2010-09-01T12:00:00Z,0.0,12.75,77.75,NaN,NaN,NaN,NaN,NaN
2010-09-01T12:00:00Z,0.0,12.75,78.0,NaN,NaN,NaN,NaN,NaN
2010-09-01T12:00:00Z,0.0,13.0,70.0,0.064849,0.0589862,-4.15575E-7,0.087662786,-1.23618E-5
2010-09-01T12:00:00Z,0.0,13.0,70.25,0.0589174,0.0513613,-9.77383E-8,0.07816165,-2.90734E-6
2010-09-01T12:00:00Z,0.0,13.0,70.5,0.0541746,0.0579552,NaN,0.0793328,NaN
2010-09-01T12:00:00Z,0.0,13.0,70.75,NaN,NaN,NaN,NaN,NaN
2010-09-01T12:00:00Z,0.0,13.0,71.0,NaN,NaN,NaN,NaN,NaN
2010-09-01T12:00:00Z,0.0,13.0,71.25,NaN,NaN,NaN,NaN,NaN
2010-09-01T12:00:00Z,0.0,13.0,71.5,NaN,NaN,NaN,NaN,NaN
2010-09-01T12:00:00Z,0.0,13.0,71.75,NaN,NaN,NaN,NaN,NaN
2010-09-01T12:00:00Z,0.0,13.0,72.0,NaN,NaN,NaN,NaN,NaN
2010-09-01T12:00:00Z,0.0,13.0,72.25,NaN,NaN,NaN,NaN,NaN
2010-09-01T12:00:00Z,0.0,13.0,72.5,NaN,NaN,NaN,NaN,NaN
2010-09-01T12:00:00Z,0.0,13.0,72.75,NaN,NaN,NaN,NaN,NaN
2010-09-01T12:00:00Z,0.0,13.0,73.0,NaN,NaN,NaN,NaN,NaN
2010-09-01T12:00:00Z,0.0,13.0,73.25,NaN,NaN,NaN,NaN,NaN
2010-09-01T12:00:00Z,0.0,13.0,73.5,NaN,NaN,NaN,NaN,NaN
2010-09-01T12:00:00Z,0.0,13.0,73.75,NaN,NaN,NaN,NaN,NaN
2010-09-01T12:00:00Z,0.0,13.0,74.0,NaN,NaN,NaN,NaN,NaN
2010-09-01T12:00:00Z,0.0,13.0,74.25,NaN,NaN,NaN,NaN,NaN
2010-09-01T12:00:00Z,0.0,13.0,74.5,NaN,NaN,NaN,NaN,NaN
2010-09-01T12:00:00Z,0.0,13.0,74.75,NaN,NaN,NaN,NaN,NaN
2010-09-01T12:00:00Z,0.0,13.0,75.0,NaN,NaN,NaN,NaN,NaN
2010-09-01T12:00:00Z,0.0,13.0,75.25,NaN,NaN,NaN,NaN,NaN
2010-09-01T12:00:00Z,0.0,13.0,75.5,NaN,NaN,NaN,NaN,NaN
2010-09-01T12:00:00Z,0.0,13.0,75.75,NaN,NaN,NaN,NaN,NaN
2010-09-01T12:00:00Z,0.0,13.0,76.0,NaN,NaN,NaN,NaN,NaN
2010-09-01T12:00:00Z,0.0,13.0,76.25,NaN,NaN,NaN,NaN,NaN
2010-09-01T12:00:00Z,0.0,13.0,76.5,NaN,NaN,NaN,NaN,NaN
2010-09-01T12:00:00Z,0.0,13.0,76.75,NaN,NaN,NaN,NaN,NaN
2010-09-01T12:00:00Z,0.0,13.0,77.0,NaN,NaN,NaN,NaN,NaN
2010-09-01T12:00:00Z,0.0,13.0,77.25,NaN,NaN,NaN,NaN,NaN
2010-09-01T12:00:00Z,0.0,13.0,77.5,NaN,NaN,NaN,NaN,NaN
2010-09-01T12:00:00Z,0.0,13.0,77.75,NaN,NaN,NaN,NaN,NaN
2010-09-01T12:00:00Z,0.0,13.0,78.0,NaN,NaN,NaN,NaN,NaN
2010-09-01T12:00:00Z,0.0,13.25,70.0,0.0726246,0.0593824,-3.10121E-7,0.09381153,-9.05386E-6
2010-09-01T12:00:00Z,0.0,13.25,70.25,0.0610265,0.0640101,-1.41509E-9,0.0884394,-4.13131E-8
2010-09-01T12:00:00Z,0.0,13.25,70.5,0.0485535,0.0648059,NaN,0.08097684,NaN
2010-09-01T12:00:00Z,0.0,13.25,70.75,NaN,NaN,NaN,NaN,NaN
2010-09-01T12:00:00Z,0.0,13.25,71.0,NaN,NaN,NaN,NaN,NaN
2010-09-01T12:00:00Z,0.0,13.25,71.25,NaN,NaN,NaN,NaN,NaN
2010-09-01T12:00:00Z,0.0,13.25,71.5,NaN,NaN,NaN,NaN,NaN
2010-09-01T12:00:00Z,0.0,13.25,71.75,NaN,NaN,NaN,NaN,NaN
2010-09-01T12:00:00Z,0.0,13.25,72.0,NaN,NaN,NaN,NaN,NaN
2010-09-01T12:00:00Z,0.0,13.25,72.25,NaN,NaN,NaN,NaN,NaN
2010-09-01T12:00:00Z,0.0,13.25,72.5,NaN,NaN,NaN,NaN,NaN
2010-09-01T12:00:00Z,0.0,13.25,72.75,NaN,NaN,NaN,NaN,NaN
2010-09-01T12:00:00Z,0.0,13.25,73.0,NaN,NaN,NaN,NaN,NaN
2010-09-01T12:00:00Z,0.0,13.25,73.25,NaN,NaN,NaN,NaN,NaN
2010-09-01T12:00:00Z,0.0,13.25,73.5,NaN,NaN,NaN,NaN,NaN
2010-09-01T12:00:00Z,0.0,13.25,73.75,NaN,NaN,NaN,NaN,NaN
2010-09-01T12:00:00Z,0.0,13.25,74.0,NaN,NaN,NaN,NaN,NaN
2010-09-01T12:00:00Z,0.0,13.25,74.25,NaN,NaN,NaN,NaN,NaN
2010-09-01T12:00:00Z,0.0,13.25,74.5,NaN,NaN,NaN,NaN,NaN
2010-09-01T12:00:00Z,0.0,13.25,74.75,NaN,NaN,NaN,NaN,NaN
2010-09-01T12:00:00Z,0.0,13.25,75.0,NaN,NaN,NaN,NaN,NaN
2010-09-01T12:00:00Z,0.0,13.25,75.25,NaN,NaN,NaN,NaN,NaN
2010-09-01T12:00:00Z,0.0,13.25,75.5,NaN,NaN,NaN,NaN,NaN
2010-09-01T12:00:00Z,0.0,13.25,75.75,NaN,NaN,NaN,NaN,NaN
2010-09-01T12:00:00Z,0.0,13.25,76.0,NaN,NaN,NaN,NaN,NaN
2010-09-01T12:00:00Z,0.0,13.25,76.25,NaN,NaN,NaN,NaN,NaN
2010-09-01T12:00:00Z,0.0,13.25,76.5,NaN,NaN,NaN,NaN,NaN
2010-09-01T12:00:00Z,0.0,13.25,76.75,NaN,NaN,NaN,NaN,NaN
2010-09-01T12:00:00Z,0.0,13.25,77.0,NaN,NaN,NaN,NaN,NaN
2010-09-01T12:00:00Z,0.0,13.25,77.25,NaN,NaN,NaN,NaN,NaN
2010-09-01T12:00:00Z,0.0,13.25,77.5,NaN,NaN,NaN,NaN,NaN
2010-09-01T12:00:00Z,0.0,13.25,77.75,NaN,NaN,NaN,NaN,NaN
2010-09-01T12:00:00Z,0.0,13.25,78.0,NaN,NaN,NaN,NaN,NaN
2010-09-01T12:00:00Z,0.0,13.5,70.0,0.072608,0.054434,-5.61035E-8,0.090746805,-1.60814E-6
2010-09-01T12:00:00Z,0.0,13.5,70.25,0.0645677,0.0676026,-2.12723E-7,0.09348315,-6.09745E-6
2010-09-01T12:00:00Z,0.0,13.5,70.5,0.0662754,0.057516,-6.66151E-7,0.0877526,-1.90944E-5
2010-09-01T12:00:00Z,0.0,13.5,70.75,0.0681217,0.0581458,NaN,0.089562826,NaN
2010-09-01T12:00:00Z,0.0,13.5,71.0,NaN,NaN,NaN,NaN,NaN
2010-09-01T12:00:00Z,0.0,13.5,71.25,NaN,NaN,NaN,NaN,NaN
2010-09-01T12:00:00Z,0.0,13.5,71.5,NaN,NaN,NaN,NaN,NaN
2010-09-01T12:00:00Z,0.0,13.5,71.75,NaN,NaN,NaN,NaN,NaN
2010-09-01T12:00:00Z,0.0,13.5,72.0,NaN,NaN,NaN,NaN,NaN
2010-09-01T12:00:00Z,0.0,13.5,72.25,NaN,NaN,NaN,NaN,NaN
2010-09-01T12:00:00Z,0.0,13.5,72.5,NaN,NaN,NaN,NaN,NaN
2010-09-01T12:00:00Z,0.0,13.5,72.75,NaN,NaN,NaN,NaN,NaN
2010-09-01T12:00:00Z,0.0,13.5,73.0,NaN,NaN,NaN,NaN,NaN
2010-09-01T12:00:00Z,0.0,13.5,73.25,NaN,NaN,NaN,NaN,NaN
2010-09-01T12:00:00Z,0.0,13.5,73.5,NaN,NaN,NaN,NaN,NaN
2010-09-01T12:00:00Z,0.0,13.5,73.75,NaN,NaN,NaN,NaN,NaN
2010-09-01T12:00:00Z,0.0,13.5,74.0,NaN,NaN,NaN,NaN,NaN
2010-09-01T12:00:00Z,0.0,13.5,74.25,NaN,NaN,NaN,NaN,NaN
2010-09-01T12:00:00Z,0.0,13.5,74.5,NaN,NaN,NaN,NaN,NaN
2010-09-01T12:00:00Z,0.0,13.5,74.75,NaN,NaN,NaN,NaN,NaN
2010-09-01T12:00:00Z,0.0,13.5,75.0,NaN,NaN,NaN,NaN,NaN
2010-09-01T12:00:00Z,0.0,13.5,75.25,NaN,NaN,NaN,NaN,NaN
2010-09-01T12:00:00Z,0.0,13.5,75.5,NaN,NaN,NaN,NaN,NaN
2010-09-01T12:00:00Z,0.0,13.5,75.75,NaN,NaN,NaN,NaN,NaN
2010-09-01T12:00:00Z,0.0,13.5,76.0,NaN,NaN,NaN,NaN,NaN
2010-09-01T12:00:00Z,0.0,13.5,76.25,NaN,NaN,NaN,NaN,NaN
2010-09-01T12:00:00Z,0.0,13.5,76.5,NaN,NaN,NaN,NaN,NaN
2010-09-01T12:00:00Z,0.0,13.5,76.75,NaN,NaN,NaN,NaN,NaN
2010-09-01T12:00:00Z,0.0,13.5,77.0,NaN,NaN,NaN,NaN,NaN
2010-09-01T12:00:00Z,0.0,13.5,77.25,NaN,NaN,NaN,NaN,NaN
2010-09-01T12:00:00Z,0.0,13.5,77.5,NaN,NaN,NaN,NaN,NaN
2010-09-01T12:00:00Z,0.0,13.5,77.75,NaN,NaN,NaN,NaN,NaN
2010-09-01T12:00:00Z,0.0,13.5,78.0,NaN,NaN,NaN,NaN,NaN
2010-09-01T12:00:00Z,0.0,13.75,70.0,0.0753534,0.055226,-4.05755E-8,0.09342401,-1.1423E-6
2010-09-01T12:00:00Z,0.0,13.75,70.25,0.0760022,0.0716308,-1.76783E-7,0.10443805,-4.97687E-6
2010-09-01T12:00:00Z,0.0,13.75,70.5,0.0757994,0.073036,-3.54326E-7,0.105260655,-9.97512E-6
2010-09-01T12:00:00Z,0.0,13.75,70.75,0.086683,0.072071,NaN,0.112730525,NaN
2010-09-01T12:00:00Z,0.0,13.75,71.0,NaN,NaN,NaN,NaN,NaN
2010-09-01T12:00:00Z,0.0,13.75,71.25,NaN,NaN,NaN,NaN,NaN
2010-09-01T12:00:00Z,0.0,13.75,71.5,NaN,NaN,NaN,NaN,NaN
2010-09-01T12:00:00Z,0.0,13.75,71.75,NaN,NaN,NaN,NaN,NaN
2010-09-01T12:00:00Z,0.0,13.75,72.0,NaN,NaN,NaN,NaN,NaN
2010-09-01T12:00:00Z,0.0,13.75,72.25,NaN,NaN,NaN,NaN,NaN
2010-09-01T12:00:00Z,0.0,13.75,72.5,NaN,NaN,NaN,NaN,NaN
2010-09-01T12:00:00Z,0.0,13.75,72.75,NaN,NaN,NaN,NaN,NaN
2010-09-01T12:00:00Z,0.0,13.75,73.0,NaN,NaN,NaN,NaN,NaN
2010-09-01T12:00:00Z,0.0,13.75,73.25,NaN,NaN,NaN,NaN,NaN
2010-09-01T12:00:00Z,0.0,13.75,73.5,NaN,NaN,NaN,NaN,NaN
2010-09-01T12:00:00Z,0.0,13.75,73.75,NaN,NaN,NaN,NaN,NaN
2010-09-01T12:00:00Z,0.0,13.75,74.0,NaN,NaN,NaN,NaN,NaN
2010-09-01T12:00:00Z,0.0,13.75,74.25,NaN,NaN,NaN,NaN,NaN
2010-09-01T12:00:00Z,0.0,13.75,74.5,NaN,NaN,NaN,NaN,NaN
2010-09-01T12:00:00Z,0.0,13.75,74.75,NaN,NaN,NaN,NaN,NaN
2010-09-01T12:00:00Z,0.0,13.75,75.0,NaN,NaN,NaN,NaN,NaN
2010-09-01T12:00:00Z,0.0,13.75,75.25,NaN,NaN,NaN,NaN,NaN
2010-09-01T12:00:00Z,0.0,13.75,75.5,NaN,NaN,NaN,NaN,NaN
2010-09-01T12:00:00Z,0.0,13.75,75.75,NaN,NaN,NaN,NaN,NaN
2010-09-01T12:00:00Z,0.0,13.75,76.0,NaN,NaN,NaN,NaN,NaN
2010-09-01T12:00:00Z,0.0,13.75,76.25,NaN,NaN,NaN,NaN,NaN
2010-09-01T12:00:00Z,0.0,13.75,76.5,NaN,NaN,NaN,NaN,NaN
2010-09-01T12:00:00Z,0.0,13.75,76.75,NaN,NaN,NaN,NaN,NaN
2010-09-01T12:00:00Z,0.0,13.75,77.0,NaN,NaN,NaN,NaN,NaN
2010-09-01T12:00:00Z,0.0,13.75,77.25,NaN,NaN,NaN,NaN,NaN
2010-09-01T12:00:00Z,0.0,13.75,77.5,NaN,NaN,NaN,NaN,NaN
2010-09-01T12:00:00Z,0.0,13.75,77.75,NaN,NaN,NaN,NaN,NaN
2010-09-01T12:00:00Z,0.0,13.75,78.0,NaN,NaN,NaN,NaN,NaN
2010-09-01T12:00:00Z,0.0,14.0,70.0,0.0813357,0.0680775,-6.05172E-7,0.10606621,-1.67387E-5
2010-09-01T12:00:00Z,0.0,14.0,70.25,0.0927146,0.0724525,-4.09882E-7,0.11766632,-1.13371E-5
2010-09-01T12:00:00Z,0.0,14.0,70.5,0.0863937,0.0695609,-7.50547E-7,0.11091705,-2.07597E-5
2010-09-01T12:00:00Z,0.0,14.0,70.75,0.0750252,0.0408288,NaN,0.08541529,NaN
2010-09-01T12:00:00Z,0.0,14.0,71.0,NaN,NaN,NaN,NaN,NaN
2010-09-01T12:00:00Z,0.0,14.0,71.25,NaN,NaN,NaN,NaN,NaN
2010-09-01T12:00:00Z,0.0,14.0,71.5,NaN,NaN,NaN,NaN,NaN
2010-09-01T12:00:00Z,0.0,14.0,71.75,NaN,NaN,NaN,NaN,NaN
2010-09-01T12:00:00Z,0.0,14.0,72.0,NaN,NaN,NaN,NaN,NaN
2010-09-01T12:00:00Z,0.0,14.0,72.25,NaN,NaN,NaN,NaN,NaN
2010-09-01T12:00:00Z,0.0,14.0,72.5,NaN,NaN,NaN,NaN,NaN
2010-09-01T12:00:00Z,0.0,14.0,72.75,NaN,NaN,NaN,NaN,NaN
2010-09-01T12:00:00Z,0.0,14.0,73.0,NaN,NaN,NaN,NaN,NaN
2010-09-01T12:00:00Z,0.0,14.0,73.25,NaN,NaN,NaN,NaN,NaN
2010-09-01T12:00:00Z,0.0,14.0,73.5,NaN,NaN,NaN,NaN,NaN
2010-09-01T12:00:00Z,0.0,14.0,73.75,NaN,NaN,NaN,NaN,NaN
2010-09-01T12:00:00Z,0.0,14.0,74.0,NaN,NaN,NaN,NaN,NaN
2010-09-01T12:00:00Z,0.0,14.0,74.25,NaN,NaN,NaN,NaN,NaN
2010-09-01T12:00:00Z,0.0,14.0,74.5,NaN,NaN,NaN,NaN,NaN
2010-09-01T12:00:00Z,0.0,14.0,74.75,NaN,NaN,NaN,NaN,NaN
2010-09-01T12:00:00Z,0.0,14.0,75.0,NaN,NaN,NaN,NaN,NaN
2010-09-01T12:00:00Z,0.0,14.0,75.25,NaN,NaN,NaN,NaN,NaN
2010-09-01T12:00:00Z,0.0,14.0,75.5,NaN,NaN,NaN,NaN,NaN
2010-09-01T12:00:00Z,0.0,14.0,75.75,NaN,NaN,NaN,NaN,NaN
2010-09-01T12:00:00Z,0.0,14.0,76.0,NaN,NaN,NaN,NaN,NaN
2010-09-01T12:00:00Z,0.0,14.0,76.25,NaN,NaN,NaN,NaN,NaN
2010-09-01T12:00:00Z,0.0,14.0,76.5,NaN,NaN,NaN,NaN,NaN
2010-09-01T12:00:00Z,0.0,14.0,76.75,NaN,NaN,NaN,NaN,NaN
2010-09-01T12:00:00Z,0.0,14.0,77.0,NaN,NaN,NaN,NaN,NaN
2010-09-01T12:00:00Z,0.0,14.0,77.25,NaN,NaN,NaN,NaN,NaN
2010-09-01T12:00:00Z,0.0,14.0,77.5,NaN,NaN,NaN,NaN,NaN
2010-09-01T12:00:00Z,0.0,14.0,77.75,NaN,NaN,NaN,NaN,NaN
2010-09-01T12:00:00Z,0.0,14.0,78.0,NaN,NaN,NaN,NaN,NaN
2010-09-01T12:00:00Z,0.0,14.25,70.0,0.0991815,0.0655011,-6.13409E-7,0.11885859,-1.66749E-5
2010-09-01T12:00:00Z,0.0,14.25,70.25,0.100279,0.0650086,-2.75153E-7,0.119507305,-7.47976E-6
2010-09-01T12:00:00Z,0.0,14.25,70.5,0.0848629,0.0724464,-4.16843E-7,0.11158043,-1.13314E-5
2010-09-01T12:00:00Z,0.0,14.25,70.75,0.101683,0.0696061,NaN,0.12322517,NaN
2010-09-01T12:00:00Z,0.0,14.25,71.0,NaN,NaN,NaN,NaN,NaN
2010-09-01T12:00:00Z,0.0,14.25,71.25,NaN,NaN,NaN,NaN,NaN
2010-09-01T12:00:00Z,0.0,14.25,71.5,NaN,NaN,NaN,NaN,NaN
2010-09-01T12:00:00Z,0.0,14.25,71.75,NaN,NaN,NaN,NaN,NaN
2010-09-01T12:00:00Z,0.0,14.25,72.0,NaN,NaN,NaN,NaN,NaN
2010-09-01T12:00:00Z,0.0,14.25,72.25,NaN,NaN,NaN,NaN,NaN
2010-09-01T12:00:00Z,0.0,14.25,72.5,NaN,NaN,NaN,NaN,NaN
2010-09-01T12:00:00Z,0.0,14.25,72.75,NaN,NaN,NaN,NaN,NaN
2010-09-01T12:00:00Z,0.0,14.25,73.0,NaN,NaN,NaN,NaN,NaN
2010-09-01T12:00:00Z,0.0,14.25,73.25,NaN,NaN,NaN,NaN,NaN
2010-09-01T12:00:00Z,0.0,14.25,73.5,NaN,NaN,NaN,NaN,NaN
2010-09-01T12:00:00Z,0.0,14.25,73.75,NaN,NaN,NaN,NaN,NaN
2010-09-01T12:00:00Z,0.0,14.25,74.0,NaN,NaN,NaN,NaN,NaN
2010-09-01T12:00:00Z,0.0,14.25,74.25,NaN,NaN,NaN,NaN,NaN
2010-09-01T12:00:00Z,0.0,14.25,74.5,NaN,NaN,NaN,NaN,NaN
2010-09-01T12:00:00Z,0.0,14.25,74.75,NaN,NaN,NaN,NaN,NaN
2010-09-01T12:00:00Z,0.0,14.25,75.0,NaN,NaN,NaN,NaN,NaN
2010-09-01T12:00:00Z,0.0,14.25,75.25,NaN,NaN,NaN,NaN,NaN
2010-09-01T12:00:00Z,0.0,14.25,75.5,NaN,NaN,NaN,NaN,NaN
2010-09-01T12:00:00Z,0.0,14.25,75.75,NaN,NaN,NaN,NaN,NaN
2010-09-01T12:00:00Z,0.0,14.25,76.0,NaN,NaN,NaN,NaN,NaN
2010-09-01T12:00:00Z,0.0,14.25,76.25,NaN,NaN,NaN,NaN,NaN
2010-09-01T12:00:00Z,0.0,14.25,76.5,NaN,NaN,NaN,NaN,NaN
2010-09-01T12:00:00Z,0.0,14.25,76.75,NaN,NaN,NaN,NaN,NaN
2010-09-01T12:00:00Z,0.0,14.25,77.0,NaN,NaN,NaN,NaN,NaN
2010-09-01T12:00:00Z,0.0,14.25,77.25,NaN,NaN,NaN,NaN,NaN
2010-09-01T12:00:00Z,0.0,14.25,77.5,NaN,NaN,NaN,NaN,NaN
2010-09-01T12:00:00Z,0.0,14.25,77.75,NaN,NaN,NaN,NaN,NaN
2010-09-01T12:00:00Z,0.0,14.25,78.0,NaN,NaN,NaN,NaN,NaN
2010-09-01T12:00:00Z,0.0,14.5,70.0,0.115882,0.0815285,-2.31017E-7,0.14168817,-6.17394E-6
2010-09-01T12:00:00Z,0.0,14.5,70.25,0.115151,0.077867,-7.30656E-7,0.13900727,-1.95268E-5
2010-09-01T12:00:00Z,0.0,14.5,70.5,0.114272,0.0695423,-1.07357E-6,0.13376929,-2.86913E-5
2010-09-01T12:00:00Z,0.0,14.5,70.75,0.09799,0.0586075,NaN,0.11417915,NaN
2010-09-01T12:00:00Z,0.0,14.5,71.0,NaN,NaN,NaN,NaN,NaN
2010-09-01T12:00:00Z,0.0,14.5,71.25,NaN,NaN,NaN,NaN,NaN
2010-09-01T12:00:00Z,0.0,14.5,71.5,NaN,NaN,NaN,NaN,NaN
2010-09-01T12:00:00Z,0.0,14.5,71.75,NaN,NaN,NaN,NaN,NaN
2010-09-01T12:00:00Z,0.0,14.5,72.0,NaN,NaN,NaN,NaN,NaN
2010-09-01T12:00:00Z,0.0,14.5,72.25,NaN,NaN,NaN,NaN,NaN
2010-09-01T12:00:00Z,0.0,14.5,72.5,NaN,NaN,NaN,NaN,NaN
2010-09-01T12:00:00Z,0.0,14.5,72.75,NaN,NaN,NaN,NaN,NaN
2010-09-01T12:00:00Z,0.0,14.5,73.0,NaN,NaN,NaN,NaN,NaN
2010-09-01T12:00:00Z,0.0,14.5,73.25,NaN,NaN,NaN,NaN,NaN
2010-09-01T12:00:00Z,0.0,14.5,73.5,NaN,NaN,NaN,NaN,NaN
2010-09-01T12:00:00Z,0.0,14.5,73.75,NaN,NaN,NaN,NaN,NaN
2010-09-01T12:00:00Z,0.0,14.5,74.0,NaN,NaN,NaN,NaN,NaN
2010-09-01T12:00:00Z,0.0,14.5,74.25,NaN,NaN,NaN,NaN,NaN
2010-09-01T12:00:00Z,0.0,14.5,74.5,NaN,NaN,NaN,NaN,NaN
2010-09-01T12:00:00Z,0.0,14.5,74.75,NaN,NaN,NaN,NaN,NaN
2010-09-01T12:00:00Z,0.0,14.5,75.0,NaN,NaN,NaN,NaN,NaN
2010-09-01T12:00:00Z,0.0,14.5,75.25,NaN,NaN,NaN,NaN,NaN
2010-09-01T12:00:00Z,0.0,14.5,75.5,NaN,NaN,NaN,NaN,NaN
2010-09-01T12:00:00Z,0.0,14.5,75.75,NaN,NaN,NaN,NaN,NaN
2010-09-01T12:00:00Z,0.0,14.5,76.0,NaN,NaN,NaN,NaN,NaN
2010-09-01T12:00:00Z,0.0,14.5,76.25,NaN,NaN,NaN,NaN,NaN
2010-09-01T12:00:00Z,0.0,14.5,76.5,NaN,NaN,NaN,NaN,NaN
2010-09-01T12:00:00Z,0.0,14.5,76.75,NaN,NaN,NaN,NaN,NaN
2010-09-01T12:00:00Z,0.0,14.5,77.0,NaN,NaN,NaN,NaN,NaN
2010-09-01T12:00:00Z,0.0,14.5,77.25,NaN,NaN,NaN,NaN,NaN
2010-09-01T12:00:00Z,0.0,14.5,77.5,NaN,NaN,NaN,NaN,NaN
2010-09-01T12:00:00Z,0.0,14.5,77.75,NaN,NaN,NaN,NaN,NaN
2010-09-01T12:00:00Z,0.0,14.5,78.0,NaN,NaN,NaN,NaN,NaN
2010-09-01T12:00:00Z,0.0,14.75,70.0,0.112084,0.0834932,-5.27385E-7,0.13976386,-1.38607E-5
2010-09-01T12:00:00Z,0.0,14.75,70.25,0.12845,0.0768001,-2.72171E-7,0.14965847,-7.15317E-6
2010-09-01T12:00:00Z,0.0,14.75,70.5,0.124553,0.0874722,-2.87142E-7,0.15219998,-7.54665E-6
2010-09-01T12:00:00Z,0.0,14.75,70.75,0.111697,0.0743151,-6.76112E-7,0.13416018,-1.77695E-5
2010-09-01T12:00:00Z,0.0,14.75,71.0,0.118269,0.0704567,NaN,0.13766518,NaN
2010-09-01T12:00:00Z,0.0,14.75,71.25,NaN,NaN,NaN,NaN,NaN
2010-09-01T12:00:00Z,0.0,14.75,71.5,NaN,NaN,NaN,NaN,NaN
2010-09-01T12:00:00Z,0.0,14.75,71.75,NaN,NaN,NaN,NaN,NaN
2010-09-01T12:00:00Z,0.0,14.75,72.0,NaN,NaN,NaN,NaN,NaN
2010-09-01T12:00:00Z,0.0,14.75,72.25,NaN,NaN,NaN,NaN,NaN
2010-09-01T12:00:00Z,0.0,14.75,72.5,NaN,NaN,NaN,NaN,NaN
2010-09-01T12:00:00Z,0.0,14.75,72.75,NaN,NaN,NaN,NaN,NaN
2010-09-01T12:00:00Z,0.0,14.75,73.0,NaN,NaN,NaN,NaN,NaN
2010-09-01T12:00:00Z,0.0,14.75,73.25,NaN,NaN,NaN,NaN,NaN
2010-09-01T12:00:00Z,0.0,14.75,73.5,NaN,NaN,NaN,NaN,NaN
2010-09-01T12:00:00Z,0.0,14.75,73.75,NaN,NaN,NaN,NaN,NaN
2010-09-01T12:00:00Z,0.0,14.75,74.0,NaN,NaN,NaN,NaN,NaN
2010-09-01T12:00:00Z,0.0,14.75,74.25,NaN,NaN,NaN,NaN,NaN
2010-09-01T12:00:00Z,0.0,14.75,74.5,NaN,NaN,NaN,NaN,NaN
2010-09-01T12:00:00Z,0.0,14.75,74.75,NaN,NaN,NaN,NaN,NaN
2010-09-01T12:00:00Z,0.0,14.75,75.0,NaN,NaN,NaN,NaN,NaN
2010-09-01T12:00:00Z,0.0,14.75,75.25,NaN,NaN,NaN,NaN,NaN
2010-09-01T12:00:00Z,0.0,14.75,75.5,NaN,NaN,NaN,NaN,NaN
2010-09-01T12:00:00Z,0.0,14.75,75.75,NaN,NaN,NaN,NaN,NaN
2010-09-01T12:00:00Z,0.0,14.75,76.0,NaN,NaN,NaN,NaN,NaN
2010-09-01T12:00:00Z,0.0,14.75,76.25,NaN,NaN,NaN,NaN,NaN
2010-09-01T12:00:00Z,0.0,14.75,76.5,NaN,NaN,NaN,NaN,NaN
2010-09-01T12:00:00Z,0.0,14.75,76.75,NaN,NaN,NaN,NaN,NaN
2010-09-01T12:00:00Z,0.0,14.75,77.0,NaN,NaN,NaN,NaN,NaN
2010-09-01T12:00:00Z,0.0,14.75,77.25,NaN,NaN,NaN,NaN,NaN
2010-09-01T12:00:00Z,0.0,14.75,77.5,NaN,NaN,NaN,NaN,NaN
2010-09-01T12:00:00Z,0.0,14.75,77.75,NaN,NaN,NaN,NaN,NaN
2010-09-01T12:00:00Z,0.0,14.75,78.0,NaN,NaN,NaN,NaN,NaN
2010-09-01T12:00:00Z,0.0,15.0,70.0,0.139421,0.0920746,-1.05266E-6,0.16708067,-2.72151E-5
2010-09-01T12:00:00Z,0.0,15.0,70.25,0.134372,0.0771112,-4.45662E-8,0.15492569,-1.1522E-6
2010-09-01T12:00:00Z,0.0,15.0,70.5,0.127639,0.0904668,7.05933E-9,0.15644793,1.8251E-7
2010-09-01T12:00:00Z,0.0,15.0,70.75,0.117919,0.0862327,-6.15869E-7,0.14608549,-1.59225E-5
2010-09-01T12:00:00Z,0.0,15.0,71.0,0.120996,0.0755798,NaN,0.14266162,NaN
2010-09-01T12:00:00Z,0.0,15.0,71.25,NaN,NaN,NaN,NaN,NaN
2010-09-01T12:00:00Z,0.0,15.0,71.5,NaN,NaN,NaN,NaN,NaN
2010-09-01T12:00:00Z,0.0,15.0,71.75,NaN,NaN,NaN,NaN,NaN
2010-09-01T12:00:00Z,0.0,15.0,72.0,NaN,NaN,NaN,NaN,NaN
2010-09-01T12:00:00Z,0.0,15.0,72.25,NaN,NaN,NaN,NaN,NaN
2010-09-01T12:00:00Z,0.0,15.0,72.5,NaN,NaN,NaN,NaN,NaN
2010-09-01T12:00:00Z,0.0,15.0,72.75,NaN,NaN,NaN,NaN,NaN
2010-09-01T12:00:00Z,0.0,15.0,73.0,NaN,NaN,NaN,NaN,NaN
2010-09-01T12:00:00Z,0.0,15.0,73.25,NaN,NaN,NaN,NaN,NaN
2010-09-01T12:00:00Z,0.0,15.0,73.5,NaN,NaN,NaN,NaN,NaN
2010-09-01T12:00:00Z,0.0,15.0,73.75,NaN,NaN,NaN,NaN,NaN
2010-09-01T12:00:00Z,0.0,15.0,74.0,NaN,NaN,NaN,NaN,NaN
2010-09-01T12:00:00Z,0.0,15.0,74.25,NaN,NaN,NaN,NaN,NaN
2010-09-01T12:00:00Z,0.0,15.0,74.5,NaN,NaN,NaN,NaN,NaN
2010-09-01T12:00:00Z,0.0,15.0,74.75,NaN,NaN,NaN,NaN,NaN
2010-09-01T12:00:00Z,0.0,15.0,75.0,NaN,NaN,NaN,NaN,NaN
2010-09-01T12:00:00Z,0.0,15.0,75.25,NaN,NaN,NaN,NaN,NaN
2010-09-01T12:00:00Z,0.0,15.0,75.5,NaN,NaN,NaN,NaN,NaN
2010-09-01T12:00:00Z,0.0,15.0,75.75,NaN,NaN,NaN,NaN,NaN
2010-09-01T12:00:00Z,0.0,15.0,76.0,NaN,NaN,NaN,NaN,NaN
2010-09-01T12:00:00Z,0.0,15.0,76.25,NaN,NaN,NaN,NaN,NaN
2010-09-01T12:00:00Z,0.0,15.0,76.5,NaN,NaN,NaN,NaN,NaN
2010-09-01T12:00:00Z,0.0,15.0,76.75,NaN,NaN,NaN,NaN,NaN
2010-09-01T12:00:00Z,0.0,15.0,77.0,NaN,NaN,NaN,NaN,NaN
2010-09-01T12:00:00Z,0.0,15.0,77.25,NaN,NaN,NaN,NaN,NaN
2010-09-01T12:00:00Z,0.0,15.0,77.5,NaN,NaN,NaN,NaN,NaN
2010-09-01T12:00:00Z,0.0,15.0,77.75,NaN,NaN,NaN,NaN,NaN
2010-09-01T12:00:00Z,0.0,15.0,78.0,NaN,NaN,NaN,NaN,NaN
